time,D,S1,S2,Z,C,pH
0.0,0.0882692679590112,36.76321575278323,0.0,1.0000000000000018e-05,0.0,7.4
0.25,0.08827551707213124,36.712700435473145,0.0,1.0000000000000018e-05,0.0,7.4
0.5,0.08828303647792478,36.65907027382312,0.0,1.0000000000000018e-05,0.0,7.4
0.75,0.0882917969237042,36.6023635607124,0.0,1.0000000000000018e-05,0.0,7.4
1.0,0.08830176793580777,36.54262122270118,0.0,1.0000000000000018e-05,0.0,7.4
1.25,0.08831291784074562,36.47988678103514,0.0,1.0000000000000018e-05,0.0,7.4
1.5,0.08832521378754438,36.41420631033788,0.0,1.0000000000000018e-05,0.0,7.4
1.75,0.0883386217712789,36.34562839503152,0.0,1.0000000000000018e-05,0.0,7.4
2.0,0.08835310665777762,36.27420408352727,0.0,1.0000000000000018e-05,0.0,7.4
2.25,0.08836863220948805,36.19998684023063,0.0,1.0000000000000018e-05,0.0,7.4
2.5,0.08838516111248639,36.12303249540678,0.0,1.0000000000000018e-05,0.0,7.4
2.75,0.08840265500461596,36.043399192954766,0.0,1.0000000000000018e-05,0.0,7.4
3.0,0.08842107450473598,35.96114733614013,0.0,1.0000000000000018e-05,0.0,7.4
3.25,0.0884403792430629,35.87633953133764,0.0,1.0000000000000018e-05,0.0,7.4
3.5,0.08846052789258463,35.7890405298381,0.0,1.0000000000000018e-05,0.0,7.4
3.75,0.08848147820152641,35.699317167773984,0.0,1.0000000000000018e-05,0.0,7.4
4.0,0.08850318702684767,35.6072383042213,0.0,1.0000000000000018e-05,0.0,7.4
4.25,0.08852561036874614,35.51287475753589,0.0,1.0000000000000018e-05,0.0,7.4
4.5,0.08854870340614604,35.416299239984575,0.0,1.0000000000000018e-05,0.0,7.4
4.75,0.08857242053314532,35.31758629073257,0.0,1.0000000000000018e-05,0.0,7.4
5.0,0.08859671539639623,35.21681220725047,0.0,1.0000000000000018e-05,0.0,7.4
5.25,0.08862154093339264,35.114054975204986,0.0,1.0000000000000018e-05,0.0,7.4
5.5,0.08864684941163595,35.00939419689957,0.0,1.0000000000000018e-05,0.0,7.4
5.75,0.0886725924686515,34.902911018331736,0.0,1.0000000000000018e-05,0.0,7.4
6.0,0.08869872115282534,34.79468805493549,0.0,1.0000000000000018e-05,0.0,7.4
6.25,0.08872518596503128,34.68480931607819,0.0,1.0000000000000018e-05,0.0,7.4
6.5,0.08875193690101674,34.5733601283823,0.0,1.0000000000000018e-05,0.0,7.4
6.75,0.08877892349451502,34.46042705794375,0.0,1.0000000000000018e-05,0.0,7.4
7.0,0.08880609486105105,34.34609783151886,0.0,1.0000000000000018e-05,0.0,7.4
7.25,0.08883339974240693,34.23046125675365,0.0,1.0000000000000018e-05,0.0,7.4
7.5,0.08886078655171202,34.11360714152921,0.0,1.0000000000000018e-05,0.0,7.4
7.75,0.08888820341912296,33.995626212498195,0.0,1.0000000000000018e-05,0.0,7.4
8.0,0.08891559823805673,33.87661003288778,0.0,1.0000000000000018e-05,0.0,7.4
8.25,0.08894291871194034,33.75665091964536,0.0,1.0000000000000018e-05,0.0,7.4
8.5,0.08897011240143936,33.63584186000326,0.0,1.0000000000000018e-05,0.0,7.4
8.75,0.08899712677212727,33.51427642753987,0.0,1.0000000000000018e-05,0.0,7.4
9.0,0.08902390924255671,33.39204869781438,0.0,1.0000000000000018e-05,0.0,7.4
9.25,0.08905040723269303,33.26925316365292,0.0,1.0000000000000018e-05,0.0,7.4
9.5,0.08907656821267085,33.145984650164074,0.0,1.0000000000000018e-05,0.0,7.4
9.75,0.08910233975183207,33.022338229561925,0.0,1.0000000000000018e-05,0.0,7.4
10.0,0.08912766956800543,32.898409135874736,0.0,1.0000000000000018e-05,0.0,7.4
10.25,0.08915250557698527,32.77429267961765,0.0,1.0000000000000018e-05,0.0,7.4
10.5,0.0891767959421684,32.65008416250741,0.0,1.0000000000000018e-05,0.0,7.4
10.75,0.08920048912430589,32.52587879229727,0.0,1.0000000000000018e-05,0.0,7.4
11.0,0.08922353393132819,32.401771597809876,0.0,1.0000000000000018e-05,0.0,7.4
11.25,0.08924587956819956,32.27785734424579,0.0,1.0000000000000018e-05,0.0,7.4
11.5,0.08926747568675934,32.154230448844615,0.0,1.0000000000000018e-05,0.0,7.4
11.75,0.08928827243550633,32.03098489697593,0.0,1.0000000000000018e-05,0.0,7.4
12.0,0.08930822050928211,31.908214158735984,0.0,1.0000000000000018e-05,0.0,7.4
12.25,0.08932727119881012,31.786011106126168,0.0,1.0000000000000018e-05,0.0,7.4
12.5,0.08934537644004586,31.664467930888275,0.0,1.0000000000000018e-05,0.0,7.4
12.75,0.08936248886329426,31.543676063071075,0.0,1.0000000000000018e-05,0.0,7.4
13.0,0.08937856184205019,31.423726090401868,0.0,1.0000000000000018e-05,0.0,7.4
13.25,0.08939354954151721,31.30470767853583,0.0,1.0000000000000018e-05,0.0,7.4
13.5,0.08940740696676115,31.186709492255176,0.0,1.0000000000000018e-05,0.0,7.4
13.75,0.08942009001045359,31.06981911768917,0.0,1.0000000000000018e-05,0.0,7.4
14.0,0.08943155550016144,30.954122985624828,0.0,1.0000000000000018e-05,0.0,7.4
14.25,0.08944176124513865,30.83970629597736,0.0,1.0000000000000018e-05,0.0,7.4
14.5,0.08945066608257601,30.72665294348792,0.0,1.0000000000000018e-05,0.0,7.4
14.75,0.08945822992326545,30.615045444715406,0.0,1.0000000000000018e-05,0.0,7.4
15.0,0.08946441379663546,30.504964866387258,0.0,1.0000000000000018e-05,0.0,7.4
15.25,0.0894691798951147,30.396490755173534,0.0,1.0000000000000018e-05,0.0,7.4
15.5,0.08947249161778041,30.289701068946428,0.0,1.0000000000000018e-05,0.0,7.4
15.75,0.08947431361324988,30.184672109586547,0.0,1.0000000000000018e-05,0.0,7.4
16.0,0.08947461182177227,30.081478457395484,0.0,1.0000000000000018e-05,0.0,7.4
16.25,0.08947335351647956,29.98019290717263,0.0,1.0000000000000018e-05,0.0,7.4
16.5,0.08947050734375538,29.880886406012706,0.0,1.0000000000000018e-05,0.0,7.4
16.75,0.08946604336268081,29.78362799287879,0.0,1.0000000000000018e-05,0.0,7.4
17.0,0.08945993308351746,29.688484740003872,0.0,1.0000000000000018e-05,0.0,7.4
17.25,0.08945214950518786,29.595521696172163,0.0,1.0000000000000018e-05,0.0,7.4
17.5,0.08944266715171473,29.504801831929854,0.0,1.0000000000000018e-05,0.0,7.4
17.75,0.08943146210758034,29.416385986772784,0.0,1.0000000000000018e-05,0.0,7.4
18.0,0.08941851205196885,29.330332818356908,0.0,1.0000000000000018e-05,0.0,7.4
18.25,0.08940379629185473,29.246698753775405,0.0,1.0000000000000018e-05,0.0,7.4
18.5,0.08938729579390092,29.16553794294429,0.0,1.0000000000000018e-05,0.0,7.4
18.75,0.08936899321513186,29.086902214136483,0.0,1.0000000000000018e-05,0.0,7.4
19.0,0.08934887293234667,29.010841031702142,0.0,1.0000000000000018e-05,0.0,7.4
19.25,0.08932692107023926,28.93740145601101,0.0,1.0000000000000018e-05,0.0,7.4
19.5,0.08930312552819226,28.86662810565063,0.0,1.0000000000000018e-05,0.0,7.4
19.75,0.0892774760057137,28.798563121911904,0.0,1.0000000000000018e-05,0.0,7.4
20.0,0.08924996402648504,28.7332461355913,0.0,1.0000000000000018e-05,0.0,7.4
20.25,0.08922058296099127,28.67071423613728,0.0,1.0000000000000018e-05,0.0,7.4
20.5,0.08918932804770446,28.61100194316555,0.0,1.0000000000000018e-05,0.0,7.4
20.75,0.0891561964127926,28.554141180366447,0.0,1.0000000000000018e-05,0.0,7.4
21.0,0.08912118708832772,28.50016125182457,0.0,1.0000000000000018e-05,0.0,7.4
21.25,0.08908430102896768,28.449088820769415,0.0,1.0000000000000018e-05,0.0,7.4
21.5,0.08904554112708728,28.400947890772777,0.0,1.0000000000000018e-05,0.0,7.4
21.75,0.08900491222633586,28.355759789406793,0.0,1.0000000000000018e-05,0.0,7.4
22.0,0.08896242113359905,28.313543154374255,0.0,1.0000000000000018e-05,0.0,7.4
22.25,0.08891807662934464,28.274313922120122,0.0,1.0000000000000018e-05,0.0,7.4
22.5,0.08887188947633254,28.238085318931407,0.0,1.0000000000000018e-05,0.0,7.4
22.75,0.08882387242667114,28.204867854529756,0.0,1.0000000000000018e-05,0.0,7.4
23.0,0.08877404022720303,28.1746693181592,0.0,1.0000000000000018e-05,0.0,7.4
23.25,0.0887224096232047,28.147494777168948,0.0,1.0000000000000018e-05,0.0,7.4
23.5,0.08866899936038583,28.123346578088842,0.0,1.0000000000000018e-05,0.0,7.4
23.75,0.08861383018517571,28.102224350192937,0.0,1.0000000000000018e-05,0.0,7.4
24.0,0.08855692484328499,28.084125011544177,0.0,1.0000000000000018e-05,0.0,7.4
24.25,0.08849830807653301,28.06904277751102,0.0,1.0000000000000018e-05,0.0,7.4
24.5,0.08843800661793191,28.056969171744402,0.0,1.0000000000000018e-05,0.0,7.4
24.75,0.08837604918502046,28.047893039601433,0.0,1.0000000000000018e-05,0.0,7.4
25.0,0.0883124664714417,28.04180056399975,0.0,1.0000000000000018e-05,0.0,7.4
25.25,0.08824729113676028,28.038675283684263,0.0,1.0000000000000018e-05,0.0,7.4
25.5,0.08818055779451642,28.038498113885954,0.0,1.0000000000000018e-05,0.0,7.4
25.75,0.0881123029985153,28.041247369350106,0.0,1.0000000000000018e-05,0.0,7.4
26.0,0.08804256522735221,28.046898789709008,0.0,1.0000000000000018e-05,0.0,7.4
26.25,0.08797138486717435,28.055425567172595,0.0,1.0000000000000018e-05,0.0,7.4
26.5,0.08789880419268338,28.066798376507517,0.0,1.0000000000000018e-05,0.0,7.4
26.75,0.08782486734638238,28.080985407274085,0.0,1.0000000000000018e-05,0.0,7.4
27.0,0.08774962031607424,28.09795239828736,0.0,1.0000000000000018e-05,0.0,7.4
27.25,0.0876731109106181,28.11766267426787,0.0,1.0000000000000018e-05,0.0,7.4
27.5,0.08759538873395424,28.140077184644166,0.0,1.0000000000000018e-05,0.0,7.4
27.75,0.08751650515740687,28.16515454446869,0.0,1.0000000000000018e-05,0.0,7.4
28.0,0.08743651329027757,28.192851077405685,0.0,1.0000000000000018e-05,0.0,7.4
28.25,0.08735546794874337,28.223120860748338,0.0,1.0000000000000018e-05,0.0,7.4
28.5,0.08727342562307389,28.255915772420558,0.0,1.0000000000000018e-05,0.0,7.4
28.75,0.08719044444318486,28.291185539916974,0.0,1.0000000000000018e-05,0.0,7.4
29.0,0.08710658414254605,28.328877791132925,0.0,1.0000000000000018e-05,0.0,7.4
29.25,0.08702190602046277,28.36893810703456,0.0,1.0000000000000018e-05,0.0,7.4
29.5,0.08693647290275326,28.411310076117744,0.0,1.0000000000000018e-05,0.0,7.4
29.75,0.08685034910084317,28.455935350602484,0.0,1.0000000000000018e-05,0.0,7.4
30.0,0.08676360036930239,28.502753704308446,0.0,1.0000000000000018e-05,0.0,7.4
30.25,0.0866762938618489,28.551703092155364,0.0,1.0000000000000018e-05,0.0,7.4
30.5,0.08658849808584729,28.60271971123097,0.0,1.0000000000000018e-05,0.0,7.4
30.75,0.08650028285532968,28.65573806336738,0.0,1.0000000000000018e-05,0.0,7.4
31.0,0.08641171924256935,28.710691019165928,0.0,1.0000000000000018e-05,0.0,7.4
31.25,0.08632287952823774,28.767509883408955,0.0,1.0000000000000018e-05,0.0,7.4
31.5,0.08623383715017784,28.82612446179573,0.0,1.0000000000000018e-05,0.0,7.4
31.75,0.08614466665082729,28.886463128939063,0.0,1.0000000000000018e-05,0.0,7.4
32.0,0.08605544362332683,28.948452897557402,0.0,1.0000000000000018e-05,0.0,7.4
32.25,0.08596624465635022,29.012019488796764,0.0,1.0000000000000018e-05,0.0,7.4
32.5,0.08587714727769344,29.077087403615547,0.0,1.0000000000000018e-05,0.0,7.4
32.75,0.08578822989666257,29.143579995164608,0.0,1.0000000000000018e-05,0.0,7.4
33.0,0.08569957174529973,29.211419542093957,0.0,1.0000000000000018e-05,0.0,7.4
33.25,0.08561125281848941,29.280527322716857,0.0,1.0000000000000018e-05,0.0,7.4
33.5,0.08552335381298691,29.35082368996126,0.0,1.0000000000000018e-05,0.0,7.4
33.75,0.08543595606541338,29.422228147038,0.0,1.0000000000000018e-05,0.0,7.4
34.0,0.08534914148926165,29.494659423754516,0.0,1.0000000000000018e-05,0.0,7.4
34.25,0.08526299251095903,29.568035553402495,0.0,1.0000000000000018e-05,0.0,7.4
34.5,0.085177592005034,29.642273950147196,0.0,1.0000000000000018e-05,0.0,7.4
34.75,0.08509302322843455,29.717291486846143,0.0,1.0000000000000018e-05,0.0,7.4
35.0,0.08500936975404738,29.793004573224277,0.0,1.0000000000000018e-05,0.0,7.4
35.25,0.08492671540346734,29.869329234332703,0.0,1.0000000000000018e-05,0.0,7.4
35.5,0.08484514417906844,29.946181189217832,0.0,1.0000000000000018e-05,0.0,7.4
35.75,0.08476474019542724,30.02347592972767,0.0,1.0000000000000018e-05,0.0,7.4
36.0,0.08468558761015195,30.1011287993821,0.0,1.0000000000000018e-05,0.0,7.4
36.25,0.08460777055416961,30.1790550722338,0.0,1.0000000000000018e-05,0.0,7.4
36.5,0.0845313730615258,30.257170031647025,0.0,1.0000000000000018e-05,0.0,7.4
36.75,0.08445647899875136,30.335389048920938,0.0,1.0000000000000018e-05,0.0,7.4
37.0,0.08438317199385122,30.41362766168524,0.0,1.0000000000000018e-05,0.0,7.4
37.25,0.08431153536497177,30.49180165199561,0.0,1.0000000000000018e-05,0.0,7.4
37.5,0.08424165204880248,30.56982712405701,0.0,1.0000000000000018e-05,0.0,7.4
37.75,0.08417360452876958,30.647620581503492,0.0,1.0000000000000018e-05,0.0,7.4
38.0,0.08410747476307867,30.725099004163464,0.0,1.0000000000000018e-05,0.0,7.4
38.25,0.08404334411266447,30.80217992424008,0.0,1.0000000000000018e-05,0.0,7.4
38.5,0.08398129326910601,30.87878150183718,0.0,1.0000000000000018e-05,0.0,7.4
38.75,0.08392140218256576,30.954822599761478,0.0,1.0000000000000018e-05,0.0,7.4
39.0,0.08386374998981197,31.030222857533186,0.0,1.0000000000000018e-05,0.0,7.4
39.25,0.08380841494238288,31.10490276453737,0.0,1.0000000000000018e-05,0.0,7.4
39.5,0.08375547433495284,31.178783732249755,0.0,1.0000000000000018e-05,0.0,7.4
39.75,0.08370500443395934,31.25178816547142,0.0,1.0000000000000018e-05,0.0,7.4
40.0,0.08365708040655105,31.323839532507982,0.0,1.0000000000000018e-05,0.0,7.4
40.25,0.08361177624991618,31.394862434229687,0.0,1.0000000000000018e-05,0.0,7.4
40.5,0.08356916472105108,31.464782671950505,0.0,1.0000000000000018e-05,0.0,7.4
40.75,0.08352931726702895,31.533527314064752,0.0,1.0000000000000018e-05,0.0,7.4
41.0,0.08349230395582766,31.601024761381815,0.0,1.0000000000000018e-05,0.0,7.4
41.25,0.0834581934077768,31.667204811100277,0.0,1.0000000000000018e-05,0.0,7.4
41.5,0.08342705272768258,31.731998719364398,0.0,1.0000000000000018e-05,0.0,7.4
41.75,0.08339894743769016,31.79533926234726,0.0,1.0000000000000018e-05,0.0,7.4
42.0,0.0833739414109414,31.857160795806227,0.0,1.0000000000000018e-05,0.0,7.4
42.25,0.08335209680608721,31.91739931305807,0.0,1.0000000000000018e-05,0.0,7.4
42.5,0.08333347400271167,31.9759925013226,0.0,1.0000000000000018e-05,0.0,7.4
42.75,0.08331813153772602,32.032879796385146,0.0,1.0000000000000018e-05,0.0,7.4
43.0,0.08330612604278934,32.08800243553001,0.0,1.0000000000000018e-05,0.0,7.4
43.25,0.0832975121828121,32.14130350869863,0.0,1.0000000000000018e-05,0.0,7.4
43.5,0.0832923425955991,32.192728007828016,0.0,1.0000000000000018e-05,0.0,7.4
43.75,0.08329066783268649,32.24222287432676,0.0,1.0000000000000018e-05,0.0,7.4
44.0,0.08329253630142758,32.28973704464735,0.0,1.0000000000000018e-05,0.0,7.4
44.25,0.08329799420838147,32.33522149391645,0.0,1.0000000000000018e-05,0.0,7.4
44.5,0.08330708550405724,32.37862927758506,0.0,1.0000000000000018e-05,0.0,7.4
44.75,0.08331985182906615,32.419915571063974,0.0,1.0000000000000018e-05,0.0,7.4
45.0,0.08333633246173269,32.4590377073109,0.0,1.0000000000000018e-05,0.0,7.4
45.25,0.08335656426721581,32.49595521233786,0.0,1.0000000000000018e-05,0.0,7.4
45.5,0.0833805816481886,32.53062983860956,0.0,1.0000000000000018e-05,0.0,7.4
45.75,0.08340841649712566,32.563025596305444,0.0,1.0000000000000018e-05,0.0,7.4
46.0,0.0834400981502452,32.59310878241996,0.0,1.0000000000000018e-05,0.0,7.4
46.25,0.08347565334315206,32.62084800767804,0.0,1.0000000000000018e-05,0.0,7.4
46.5,0.08351510616822677,32.64621422124434,0.0,1.0000000000000018e-05,0.0,7.4
46.75,0.08355847803380485,32.66918073320747,0.0,1.0000000000000018e-05,0.0,7.4
47.0,0.08360578762518829,32.68972323482216,0.0,1.0000000000000018e-05,0.0,7.4
47.25,0.08365705086753135,32.707819816494556,0.0,1.0000000000000018e-05,0.0,7.4
47.5,0.08371228089064038,32.72345098349795,0.0,1.0000000000000018e-05,0.0,7.4
47.75,0.0837714879957265,32.73659966940856,0.0,1.0000000000000018e-05,0.0,7.4
48.0,0.08383467962414833,32.74725124725292,0.0,1.0000000000000018e-05,0.0,7.4
48.25,0.08390186032818082,32.75539353836062,0.0,1.0000000000000018e-05,0.0,7.4
48.5,0.08397303174384468,32.76101681891853,0.0,1.0000000000000018e-05,0.0,7.4
48.75,0.08404819256582907,32.76411382422453,0.0,1.0000000000000018e-05,0.0,7.4
49.0,0.08412733852453941,32.76467975064107,0.0,1.0000000000000018e-05,0.0,7.4
49.25,0.08421046236529975,32.762712255251074,0.0,1.0000000000000018e-05,0.0,7.4
49.5,0.0842975538297382,32.75821145322064,0.0,1.0000000000000018e-05,0.0,7.4
49.75,0.08438859963938206,32.75117991287562,0.0,1.0000000000000018e-05,0.0,7.4
50.0,0.08448358348148746,32.741622648500595,0.0,1.0000000000000018e-05,0.0,7.4
50.25,0.08458248599712706,32.72954711087162,0.0,1.0000000000000018e-05,0.0,7.4
50.5,0.08468528477155725,32.71496317553563,0.0,1.0000000000000018e-05,0.0,7.4
50.75,0.08479195432688472,32.697883128851906,0.0,1.0000000000000018e-05,0.0,7.4
51.0,0.08490246611705071,32.67832165181288,0.0,1.0000000000000018e-05,0.0,7.4
51.25,0.08501678852514886,32.656295801663624,0.0,1.0000000000000018e-05,0.0,7.4
51.5,0.08513488686309174,32.631824991341574,0.0,1.0000000000000018e-05,0.0,7.4
51.75,0.08525672337363835,32.604930966759724,0.0,1.0000000000000018e-05,0.0,7.4
52.0,0.08538225723479365,32.575637781958974,0.0,1.0000000000000018e-05,0.0,7.4
52.25,0.08551144456658921,32.543971772156866,0.0,1.0000000000000018e-05,0.0,7.4
52.5,0.08564423844025199,32.50996152472209,0.0,1.0000000000000018e-05,0.0,7.4
52.75,0.08578058888976664,32.47363784810605,0.0,1.0000000000000018e-05,0.0,7.4
53.0,0.08592044292583478,32.435033738764616,0.0,1.0000000000000018e-05,0.0,7.4
53.25,0.08606374455223247,32.39418434610493,0.0,1.0000000000000018e-05,0.0,7.4
53.5,0.08621043478456582,32.35112693549415,0.0,1.0000000000000018e-05,0.0,7.4
53.75,0.08636045167142212,32.30590084936864,0.0,1.0000000000000018e-05,0.0,7.4
54.0,0.08651373031791232,32.258547466483805,0.0,1.0000000000000018e-05,0.0,7.4
54.25,0.08667020291159859,32.20911015934668,0.0,1.0000000000000018e-05,0.0,7.4
54.5,0.08682979875079894,32.15763424987469,0.0,1.0000000000000018e-05,0.0,7.4
54.75,0.08699244427525898,32.104166963325895,0.0,1.0000000000000018e-05,0.0,7.4
55.0,0.08715806309917798,32.048757380547585,0.0,1.0000000000000018e-05,0.0,7.4
55.25,0.08732657604657668,31.991456388591185,0.0,1.0000000000000018e-05,0.0,7.4
55.5,0.08749790118898969,31.932316629743635,0.0,1.0000000000000018e-05,0.0,7.4
55.75,0.08767195388546543,31.87139244902601,0.0,1.0000000000000018e-05,0.0,7.4
56.0,0.08784864682485381,31.808739840212166,0.0,1.0000000000000018e-05,0.0,7.4
56.25,0.08802789007035951,31.744416390421126,0.0,1.0000000000000018e-05,0.0,7.4
56.5,0.08820959110633834,31.678481223338324,0.0,1.0000000000000018e-05,0.0,7.4
56.75,0.08839365488731021,31.610994941122044,0.0,1.0000000000000018e-05,0.0,7.4
57.0,0.08857998388916224,31.54201956505241,0.0,1.0000000000000018e-05,0.0,7.4
57.25,0.08876847816251249,31.47161847498162,0.0,1.0000000000000018e-05,0.0,7.4
57.5,0.08895903538820327,31.399856347644814,0.0,1.0000000000000018e-05,0.0,7.4
57.75,0.08915155093489181,31.32679909389238,0.0,1.0000000000000018e-05,0.0,7.4
58.0,0.08934591791870276,31.25251379490495,0.0,1.0000000000000018e-05,0.0,7.4
58.25,0.08954202726490701,31.177068637453623,0.0,1.0000000000000018e-05,0.0,7.4
58.5,0.08973976777158825,31.10053284826839,0.0,1.0000000000000018e-05,0.0,7.4
58.75,0.08993902617525738,31.02297662757887,0.0,1.0000000000000018e-05,0.0,7.4
59.0,0.09013968721837334,30.94447108189165,0.0,1.0000000000000018e-05,0.0,7.4
59.25,0.09034163371872711,30.865088156069724,0.0,1.0000000000000018e-05,0.0,7.4
59.5,0.0905447466406437,30.784900564779434,0.0,1.0000000000000018e-05,0.0,7.4
59.75,0.09074890516795592,30.70398172337146,0.0,1.0000000000000018e-05,0.0,7.4
60.0,0.0909539867787013,30.622405678262346,0.0,1.0000000000000018e-05,0.0,7.4
60.25,0.0911598673214934,30.540247036883542,0.0,1.0000000000000018e-05,0.0,7.4
60.5,0.09136642109351482,30.457580897265416,0.0,1.0000000000000018e-05,0.0,7.4
60.75,0.09157352092008078,30.37448277732368,0.0,1.0000000000000018e-05,0.0,7.4
61.0,0.09178103823571783,30.291028543915985,0.0,1.0000000000000018e-05,0.0,7.4
61.25,0.09198884316670303,30.207294341736574,0.0,1.0000000000000018e-05,0.0,7.4
61.5,0.09219680461500586,30.123356522116758,0.0,1.0000000000000018e-05,0.0,7.4
61.75,0.09240479034357531,30.039291571799087,0.0,1.0000000000000018e-05,0.0,7.4
62.0,0.09261266706291195,29.95517604175302,0.0,1.0000000000000018e-05,0.0,7.4
62.25,0.09282030051886464,29.871086476099695,0.0,1.0000000000000018e-05,0.0,7.4
62.5,0.09302755558158944,29.78709934121304,0.0,1.0000000000000018e-05,0.0,7.4
62.75,0.0932342963356079,29.703290955064553,0.0,1.0000000000000018e-05,0.0,7.4
63.0,0.09344038617090022,29.61973741687836,0.0,1.0000000000000018e-05,0.0,7.4
63.25,0.09364568787496794,29.536514537162848,0.0,1.0000000000000018e-05,0.0,7.4
63.5,0.09385006372579983,29.45369776818498,0.0,1.0000000000000018e-05,0.0,7.4
63.75,0.0940533755856739,29.37136213495237,0.0,1.0000000000000018e-05,0.0,7.4
64.0,0.0942554849957266,29.289582166768028,0.0,1.0000000000000018e-05,0.0,7.4
64.25,0.094456253271221,29.208431829421897,0.0,1.0000000000000018e-05,0.0,7.4
64.5,0.09465554159744334,29.12798445808235,0.0,1.0000000000000018e-05,0.0,7.4
64.75,0.09485321112615779,29.048312690950546,0.0,1.0000000000000018e-05,0.0,7.4
65.0,0.0950491230725475,28.96948840373916,0.0,1.0000000000000018e-05,0.0,7.4
65.25,0.09524313881257068,28.891582645036493,0.0,1.0000000000000018e-05,0.0,7.4
65.5,0.09543511998065837,28.81466557261592,0.0,1.0000000000000018e-05,0.0,7.4
65.75,0.09562492856768139,28.73880639074939,0.0,1.0000000000000018e-05,0.0,7.4
66.0,0.09581242701911254,28.66407328858315,0.0,1.0000000000000018e-05,0.0,7.4
66.25,0.09599747833330995,28.59053337963216,0.0,1.0000000000000018e-05,0.0,7.4
66.5,0.09617994615984768,28.51825264244895,0.0,1.0000000000000018e-05,0.0,7.4
66.75,0.09635969489781852,28.44729586252123,0.0,1.0000000000000018e-05,0.0,7.4
67.0,0.09653658979403391,28.37772657545123,0.0,1.0000000000000018e-05,0.0,7.4
67.25,0.09671049704104673,28.30960701146885,0.0,1.0000000000000018e-05,0.0,7.4
67.5,0.09688128387492037,28.24299804132856,0.0,1.0000000000000018e-05,0.0,7.4
67.75,0.09704881867267057,28.177959123639603,0.0,1.0000000000000018e-05,0.0,7.4
68.0,0.09721297104930303,28.11454825367648,0.0,1.0000000000000018e-05,0.0,7.4
68.25,0.09737361195437277,28.052821913716166,0.0,1.0000000000000018e-05,0.0,7.4
68.5,0.0975306137679896,27.992835024946324,0.0,1.0000000000000018e-05,0.0,7.4
68.75,0.09768385039619516,27.934640900987574,0.0,1.0000000000000018e-05,0.0,7.4
69.0,0.09783319736563621,27.87829120307083,0.0,1.0000000000000018e-05,0.0,7.4
69.25,0.09797853191746071,27.82383589690975,0.0,1.0000000000000018e-05,0.0,7.4
69.5,0.098119733100362,27.77132321130578,0.0,1.0000000000000018e-05,0.0,7.4
69.75,0.09825668186269752,27.720799598522284,0.0,1.0000000000000018e-05,0.0,7.4
70.0,0.09838926114360995,27.672309696462033,0.0,1.0000000000000018e-05,0.0,7.4
70.25,0.09851735596307634,27.625896292680764,0.0,1.0000000000000018e-05,0.0,7.4
70.5,0.09864085351081539,27.581600290267566,0.0,1.0000000000000018e-05,0.0,7.4
70.75,0.09875964323398012,27.539460675621072,0.0,1.0000000000000018e-05,0.0,7.4
71.0,0.09887361692356601,27.49951448814855,0.0,1.0000000000000018e-05,0.0,7.4
71.25,0.09898266879946474,27.461796791912956,0.0,1.0000000000000018e-05,0.0,7.4
71.5,0.09908669559409447,27.426340649251475,0.0,1.0000000000000018e-05,0.0,7.4
71.75,0.09918559663453888,27.393177096386474,0.0,1.0000000000000018e-05,0.0,7.4
72.0,0.0992792739231275,27.362335121048588,0.0,1.0000000000000018e-05,0.0,7.4
72.25,0.0993676322163918,27.333841642129048,0.0,1.0000000000000018e-05,0.0,7.4
72.5,0.09945057910233145,27.30772149137679,0.0,1.0000000000000018e-05,0.0,7.4
72.75,0.09952802507592731,27.283997397153637,0.0,1.0000000000000018e-05,0.0,7.4
73.0,0.09959988361283834,27.262689970258947,0.0,1.0000000000000018e-05,0.0,7.4
73.25,0.09966607124122076,27.24381769183304,0.0,1.0000000000000018e-05,0.0,7.4
73.5,0.0997265076116096,27.227396903346843,0.0,1.0000000000000018e-05,0.0,7.4
73.75,0.09978111556480358,27.21344179868273,0.0,1.0000000000000018e-05,0.0,7.4
74.0,0.09982982119769584,27.201964418310144,0.0,1.0000000000000018e-05,0.0,7.4
74.25,0.09987255392699466,27.192974645557,0.0,1.0000000000000018e-05,0.0,7.4
74.5,0.09990924655077937,27.186480204976036,0.0,1.0000000000000018e-05,0.0,7.4
74.75,0.09993983530783895,27.182486662803292,0.0,1.0000000000000018e-05,0.0,7.4
75.0,0.09996425993474088,27.180997429503815,0.0,1.0000000000000018e-05,0.0,7.4
75.25,0.09998246372058193,27.182013764397652,0.0,1.0000000000000018e-05,0.0,7.4
75.5,0.09999439355937119,27.185534782357227,0.0,1.0000000000000018e-05,0.0,7.4
75.75,0.1,27.191557462565,0.0,1.0000000000000018e-05,0.0,7.4
76.0,0.09999923729375372,27.200076659318835,0.0,1.0000000000000018e-05,0.0,7.4
76.25,0.09999206343932239,27.2110851148698,0.0,1.0000000000000018e-05,0.0,7.4
76.5,0.09997844022526937,27.224573474275758,0.0,1.0000000000000018e-05,0.0,7.4
76.75,0.09995833326991882,27.240530302251933,0.0,1.0000000000000018e-05,0.0,7.4
77.0,0.0999317120586245,27.258942101997597,0.0,1.0000000000000018e-05,0.0,7.4
77.25,0.09989854997838504,27.279793335976507,0.0,1.0000000000000018e-05,0.0,7.4
77.5,0.09985882434977165,27.303066448626392,0.0,1.0000000000000018e-05,0.0,7.4
77.75,0.09981251645613777,27.32874189097118,0.0,1.0000000000000018e-05,0.0,7.4
78.0,0.09975961157008029,27.356798147108037,0.0,1.0000000000000018e-05,0.0,7.4
78.25,0.0997000989771264,27.387211762538904,0.0,1.0000000000000018e-05,0.0,7.4
78.5,0.09963397199661955,27.41995737431519,0.0,1.0000000000000018e-05,0.0,7.4
78.75,0.09956122799978259,27.45500774296192,0.0,1.0000000000000018e-05,0.0,7.4
79.0,0.09948186842493646,27.492333786146418,0.0,1.0000000000000018e-05,0.0,7.4
79.25,0.09939589878985625,27.531904614054547,0.0,1.0000000000000018e-05,0.0,7.4
79.5,0.09930332870124754,27.5736875664363,0.0,1.0000000000000018e-05,0.0,7.4
79.75,0.09920417186132906,27.617648251280627,0.0,1.0000000000000018e-05,0.0,7.4
80.0,0.09909844607150944,27.66375058507802,0.0,1.0000000000000018e-05,0.0,7.4
80.25,0.09898617323314805,27.71195683462784,0.0,1.0000000000000018e-05,0.0,7.4
80.5,0.09886737934539243,27.762227660345904,0.0,1.0000000000000018e-05,0.0,7.4
80.75,0.09874209450008659,27.814522161026407,0.0,1.0000000000000018e-05,0.0,7.4
81.0,0.09861035287374767,27.868797920011023,0.0,1.0000000000000018e-05,0.0,7.4
81.25,0.09847219271660929,27.92501105271649,0.0,1.0000000000000018e-05,0.0,7.4
81.5,0.09832765633873367,27.983116255470946,0.0,1.0000000000000018e-05,0.0,7.4
81.75,0.09817679009319587,28.043066855607858,0.0,1.0000000000000018e-05,0.0,7.4
82.0,0.09801964435634634,28.10481486276545,0.0,1.0000000000000018e-05,0.0,7.4
82.25,0.09785627350515974,28.16831102133804,0.0,1.0000000000000018e-05,0.0,7.4
82.5,0.09768673589168109,28.233504864025285,0.0,1.0000000000000018e-05,0.0,7.4
82.75,0.09751109381458141,28.30034476642338,0.0,1.0000000000000018e-05,0.0,7.4
83.0,0.09732941348783877,28.36877800260234,0.0,1.0000000000000018e-05,0.0,7.4
83.25,0.09714176500656131,28.43875080161172,0.0,1.0000000000000018e-05,0.0,7.4
83.5,0.09694822230997245,28.51020840485697,0.0,1.0000000000000018e-05,0.0,7.4
83.75,0.09674886314157996,28.58309512428706,0.0,1.0000000000000018e-05,0.0,7.4
84.0,0.09654376900655287,28.65735440133439,0.0,1.0000000000000018e-05,0.0,7.4
84.25,0.09633302512633297,28.732928866546033,0.0,1.0000000000000018e-05,0.0,7.4
84.5,0.09611672039050892,28.809760399845857,0.0,1.0000000000000018e-05,0.0,7.4
84.75,0.095894947305984,28.887790191365813,0.0,1.0000000000000018e-05,0.0,7.4
85.0,0.09566780194347041,28.966958802784603,0.0,1.0000000000000018e-05,0.0,7.4
85.25,0.09543538388134508,29.04720622911119,0.0,1.0000000000000018e-05,0.0,7.4
85.5,0.09519779614690395,29.128471960850547,0.0,1.0000000000000018e-05,0.0,7.4
85.75,0.09495514515505438,29.210695046488453,0.0,1.0000000000000018e-05,0.0,7.4
86.0,0.0947075406444865,29.293814155232255,0.0,1.0000000000000018e-05,0.0,7.4
86.25,0.09445509561136739,29.37776763994381,0.0,1.0000000000000018e-05,0.0,7.4
86.5,0.09419792624060276,29.462493600201284,0.0,1.0000000000000018e-05,0.0,7.4
86.75,0.09393615183471421,29.54792994542604,0.0,1.0000000000000018e-05,0.0,7.4
87.0,0.09366989474038064,29.63401445801096,0.0,1.0000000000000018e-05,0.0,7.4
87.25,0.09339928027269549,29.720684856386548,0.0,1.0000000000000018e-05,0.0,7.4
87.5,0.09312443663719239,29.807878857961597,0.0,1.0000000000000018e-05,0.0,7.4
87.75,0.09284549484969454,29.895534241874863,0.0,1.0000000000000018e-05,0.0,7.4
88.0,0.09256258865404399,29.983588911494934,0.0,1.0000000000000018e-05,0.0,7.4
88.25,0.09227585443776949,30.071980956605472,0.0,1.0000000000000018e-05,0.0,7.4
88.5,0.09198543114575294,30.160648715213625,0.0,1.0000000000000018e-05,0.0,7.4
88.75,0.09169146019195601,30.249530834919653,0.0,1.0000000000000018e-05,0.0,7.4
89.0,0.09139408536927057,30.338566333786346,0.0,1.0000000000000018e-05,0.0,7.4
89.25,0.09109345275755733,30.427694660647443,0.0,1.0000000000000018e-05,0.0,7.4
89.5,0.09078971062993979,30.516855754794904,0.0,1.0000000000000018e-05,0.0,7.4
89.75,0.09048300935742062,30.605990104985338,0.0,1.0000000000000018e-05,0.0,7.4
90.0,0.0901735013118902,30.695038807706887,0.0,1.0000000000000018e-05,0.0,7.4
90.25,0.08986134076759789,30.783943624648497,0.0,1.0000000000000018e-05,0.0,7.4
90.5,0.08954668380115777,30.872647039314423,0.0,1.0000000000000018e-05,0.0,7.4
90.75,0.08922968819016218,30.961092312727715,0.0,1.0000000000000018e-05,0.0,7.4
91.0,0.08891051331047736,31.049223538167247,0.0,1.0000000000000018e-05,0.0,7.4
91.25,0.08858932003229644,31.136985694884093,0.0,1.0000000000000018e-05,0.0,7.4
91.5,0.08826627061502687,31.2243247007441,0.0,1.0000000000000018e-05,0.0,7.4
91.75,0.08794152860108927,31.311187463744123,0.0,1.0000000000000018e-05,0.0,7.4
92.0,0.08761525870870646,31.397521932351513,0.0,1.0000000000000018e-05,0.0,7.4
92.25,0.08728762672376206,31.483277144616604,0.0,1.0000000000000018e-05,0.0,7.4
92.5,0.08695879939080896,31.568403276010038,0.0,1.0000000000000018e-05,0.0,7.4
92.75,0.08662894430330831,31.65285168593756,0.0,1.0000000000000018e-05,0.0,7.4
93.0,0.086298229793181,31.73657496288655,0.0,1.0000000000000018e-05,0.0,7.4
93.25,0.08596682481975404,31.81952696815983,0.0,1.0000000000000018e-05,0.0,7.4
93.5,0.0856348988581842,31.901662878153765,0.0,1.0000000000000018e-05,0.0,7.4
93.75,0.0853026217874428,31.982939225139106,0.0,1.0000000000000018e-05,0.0,7.4
94.0,0.08497016377794536,32.06331393650482,0.0,1.0000000000000018e-05,0.0,7.4
94.25,0.08463769517890989,32.142746372426075,0.0,1.0000000000000018e-05,0.0,7.4
94.5,0.08430538640552891,32.221197361920076,0.0,1.0000000000000018e-05,0.0,7.4
94.75,0.08397340782603956,32.298629237254104,0.0,1.0000000000000018e-05,0.0,7.4
95.0,0.0836419296487764,32.375005866672645,0.0,1.0000000000000018e-05,0.0,7.4
95.25,0.08331112180929284,32.450292685411604,0.0,1.0000000000000018e-05,0.0,7.4
95.5,0.08298115385763485,32.52445672496947,0.0,1.0000000000000018e-05,0.0,7.4
95.75,0.08265219484585323,32.59746664060734,0.0,1.0000000000000018e-05,0.0,7.4
96.0,0.08232441321583829,32.669292737051144,0.0,1.0000000000000018e-05,0.0,7.4
96.25,0.08199797668756245,32.73990699237141,0.0,1.0000000000000018e-05,0.0,7.4
96.5,0.08167305214781431,32.80928308001771,0.0,1.0000000000000018e-05,0.0,7.4
96.75,0.08134980553950923,32.8773963889868,0.0,1.0000000000000018e-05,0.0,7.4
97.0,0.08102840175165955,32.94422404210535,0.0,1.0000000000000018e-05,0.0,7.4
97.25,0.08070900451008789,33.009744912409964,0.0,1.0000000000000018e-05,0.0,7.4
97.5,0.08039177626896651,33.073939637609335,0.0,1.0000000000000018e-05,0.0,7.4
97.75,0.08007687810326461,33.13679063261515,0.0,1.0000000000000018e-05,0.0,7.4
98.0,0.07976446960218547,33.198282100130164,0.0,1.0000000000000018e-05,0.0,7.4
98.25,0.07945470876367386,33.25840003928419,0.0,1.0000000000000018e-05,0.0,7.4
98.5,0.07914775189007422,33.317132252310344,0.0,1.0000000000000018e-05,0.0,7.4
98.75,0.07884375348501846,33.374468349256254,0.0,1.0000000000000018e-05,0.0,7.4
99.0,0.07854286615162163,33.43039975072631,0.0,1.0000000000000018e-05,0.0,7.4
99.25,0.07824524049206329,33.484919688653854,0.0,1.0000000000000018e-05,0.0,7.4
99.5,0.07795102500863016,33.53802320510323,0.0,1.0000000000000018e-05,0.0,7.4
99.75,0.07766036600629565,33.58970714910465,0.0,1.0000000000000018e-05,0.0,7.4
100.0,0.07737340749691023,33.63997017152569,0.0,1.0000000000000018e-05,0.0,7.4
100.25,0.07709029110507519,33.68881271798623,0.0,1.0000000000000018e-05,0.0,7.4
100.5,0.07681115597577165,33.736237019824905,0.0,1.0000000000000018e-05,0.0,7.4
100.75,0.07653613868381452,33.78224708312742,0.0,1.0000000000000018e-05,0.0,7.4
101.0,0.07626537314520054,33.82684867582905,0.0,1.0000000000000018e-05,0.0,7.4
101.25,0.07599899053041749,33.87004931290534,0.0,1.0000000000000018e-05,0.0,7.4
101.5,0.07573711917978038,33.911858239667296,0.0,1.0000000000000018e-05,0.0,7.4
101.75,0.07547988452085874,33.952286413178946,0.0,1.0000000000000018e-05,0.0,7.4
102.0,0.07522740898805778,33.99134648181717,0.0,1.0000000000000018e-05,0.0,7.4
102.25,0.07497981194441414,34.029052762995754,0.0,1.0000000000000018e-05,0.0,7.4
102.5,0.07473720960566547,34.06542121907711,0.0,1.0000000000000018e-05,0.0,7.4
102.75,0.07449971496665121,34.100469431497146,0.0,1.0000000000000018e-05,0.0,7.4
103.0,0.07426743773010018,34.134216573130765,0.0,1.0000000000000018e-05,0.0,7.4
103.25,0.07404048423785879,34.16668337892667,0.0,1.0000000000000018e-05,0.0,7.4
103.5,0.07381895740461142,34.19789211484263,0.0,1.0000000000000018e-05,0.0,7.4
103.75,0.07360295665414299,34.227866545113514,0.0,1.0000000000000018e-05,0.0,7.4
104.0,0.07339257785819157,34.256631897886365,0.0,1.0000000000000018e-05,0.0,7.4
104.25,0.07318791327793674,34.28421482925831,0.0,1.0000000000000018e-05,0.0,7.4
104.5,0.07298905150816745,34.31064338575496,0.0,1.0000000000000018e-05,0.0,7.4
104.75,0.07279607742417094,34.335946965288066,0.0,1.0000000000000018e-05,0.0,7.4
105.0,0.07260907213138246,34.360156276633376,0.0,1.0000000000000018e-05,0.0,7.4
105.25,0.07242811291783256,34.383303297470555,0.0,1.0000000000000018e-05,0.0,7.4
105.5,0.07225327320942745,34.40542123102883,0.0,1.0000000000000018e-05,0.0,7.4
105.75,0.07208462252809515,34.42654446138354,0.0,1.0000000000000018e-05,0.0,7.4
106.0,0.07192222645282767,34.4467085074495,0.0,1.0000000000000018e-05,0.0,7.4
106.25,0.07176614658364804,34.465949975719575,0.0,1.0000000000000018e-05,0.0,7.4
106.5,0.07161644050852752,34.48430651179686,0.0,1.0000000000000018e-05,0.0,7.4
106.75,0.07147316177327688,34.50181675077109,0.0,1.0000000000000018e-05,0.0,7.4
107.0,0.07133635985443318,34.51852026649053,0.0,1.0000000000000018e-05,0.0,7.4
107.25,0.07120608013516014,34.534457519782045,0.0,1.0000000000000018e-05,0.0,7.4
107.5,0.0710823638841795,34.549669805672956,0.0,1.0000000000000018e-05,0.0,7.4
107.75,0.07096524823774655,34.56419919966937,0.0,1.0000000000000018e-05,0.0,7.4
108.0,0.07085476618468188,34.578088503146866,0.0,1.0000000000000018e-05,0.0,7.4
108.25,0.07075094655446842,34.59138118790985,0.0,1.0000000000000018e-05,0.0,7.4
108.5,0.07065381400842057,34.6041213399773,0.0,1.0000000000000018e-05,0.0,7.4
108.75,0.07056338903392896,34.61635360265327,0.0,1.0000000000000018e-05,0.0,7.4
109.0,0.0704796879417841,34.62812311894108,0.0,1.0000000000000018e-05,0.0,7.4
109.25,0.07040272286657666,34.639475473361,0.0,1.0000000000000018e-05,0.0,7.4
109.5,0.07033250177017228,34.650456633232054,0.0,1.0000000000000018e-05,0.0,7.4
109.75,0.07026902844825504,34.6611128894787,0.0,1.0000000000000018e-05,0.0,7.4
110.0,0.07021230253993131,34.67149079702415,0.0,1.0000000000000018e-05,0.0,7.4
110.25,0.07016231954038421,34.6816371148323,0.0,1.0000000000000018e-05,0.0,7.4
110.5,0.07011907081656464,34.69159874566058,0.0,1.0000000000000018e-05,0.0,7.4
110.75,0.07008254362590471,34.701422675586755,0.0,1.0000000000000018e-05,0.0,7.4
111.0,0.07005272113803496,34.71115591337242,0.0,1.0000000000000018e-05,0.0,7.4
111.25,0.07002958245948561,34.72084542972684,0.0,1.0000000000000018e-05,0.0,7.4
111.5,0.07001310266134923,34.73053809653421,0.0,1.0000000000000018e-05,0.0,7.4
111.75,0.07000325280987962,34.74028062610817,0.0,1.0000000000000018e-05,0.0,7.4
112.0,0.06999999999999999,34.750119510537054,0.0,1.0000000000000018e-05,0.0,7.4
112.25,0.07000330739169078,34.76010096118341,0.0,1.0000000000000018e-05,0.0,7.4
112.5,0.07001313424922474,34.77027084840133,0.0,1.0000000000000018e-05,0.0,7.4
112.75,0.07002943598321594,34.780674641534816,0.0,1.0000000000000018e-05,0.0,7.4
113.0,0.07005216419544529,34.79135734926048,0.0,1.0000000000000018e-05,0.0,7.4
113.25,0.0700812667264247,34.80236346033716,0.0,1.0000000000000018e-05,0.0,7.4
113.5,0.0701166877056585,34.81373688482525,0.0,1.0000000000000018e-05,0.0,7.4
113.75,0.07015836760455971,34.825520895837585,0.0,1.0000000000000018e-05,0.0,7.4
114.0,0.070206243291975,34.837758071883655,0.0,1.0000000000000018e-05,0.0,7.4
114.25,0.07026024809227246,34.85049023986838,0.0,1.0000000000000018e-05,0.0,7.4
114.5,0.07032031184594183,34.86375841880576,0.0,1.0000000000000018e-05,0.0,7.4
114.75,0.07038636097265642,34.87760276430755,0.0,1.0000000000000018e-05,0.0,7.4
115.0,0.07045831853674356,34.892062513905955,0.0,1.0000000000000018e-05,0.0,7.4
115.25,0.07053610431500819,34.90717593326906,0.0,1.0000000000000018e-05,0.0,7.4
115.5,0.07061963486685266,34.92298026336645,0.0,1.0000000000000018e-05,0.0,7.4
115.75,0.07070882360663404,34.93951166864166,0.0,1.0000000000000018e-05,0.0,7.4
116.0,0.07080358087819823,34.95680518624784,0.0,1.0000000000000018e-05,0.0,7.4
116.25,0.07090381403152836,34.974894676400794,0.0,1.0000000000000018e-05,0.0,7.4
116.5,0.07100942750144404,34.99381277390376,0.0,1.0000000000000018e-05,0.0,7.4
116.75,0.0711203228882848,35.01359084089638,0.0,1.0000000000000018e-05,0.0,7.4
117.0,0.07123639904051186,35.034258920879545,0.0,1.0000000000000018e-05,0.0,7.4
117.25,0.07135755213915815,35.055845694066484,0.0,1.0000000000000018e-05,0.0,7.4
117.5,0.07148367578405757,35.07837843410918,0.0,1.0000000000000018e-05,0.0,7.4
117.75,0.07161466108178116,35.10188296624817,0.0,1.0000000000000018e-05,0.0,7.4
118.0,0.07175039673520765,35.12638362693195,0.0,1.0000000000000018e-05,0.0,7.4
118.25,0.07189076913465407,35.15190322495117,0.0,1.0000000000000018e-05,0.0,7.4
118.5,0.07203566245049117,35.178463004131615,0.0,1.0000000000000018e-05,0.0,7.4
118.75,0.07218495872716695,35.206082607627614,0.0,1.0000000000000018e-05,0.0,7.4
119.0,0.07233853797856092,35.234780043857015,0.0,1.0000000000000018e-05,0.0,7.4
119.25,0.07249627828459004,35.26457165411653,0.0,1.0000000000000018e-05,0.0,7.4
119.5,0.0726580558889872,35.29547208191525,0.0,1.0000000000000018e-05,0.0,7.4
119.75,0.07282374529817165,35.32749424406185,0.0,1.0000000000000018e-05,0.0,7.4
120.0,0.07299321938112958,35.36064930353988,0.0,1.0000000000000018e-05,0.0,7.4
120.25,0.07316634947022366,35.39494664420355,0.0,1.0000000000000018e-05,0.0,7.4
120.5,0.07334300546284796,35.43039384732471,0.0,1.0000000000000018e-05,0.0,7.4
120.75,0.07352305592384542,35.46699667002004,0.0,1.0000000000000018e-05,0.0,7.4
121.0,0.07370636818860377,35.50475902558525,0.0,1.0000000000000018e-05,0.0,7.4
121.25,0.07389280846674544,35.54368296576214,0.0,1.0000000000000018e-05,0.0,7.4
121.5,0.07408224194632688,35.58376866496134,0.0,1.0000000000000018e-05,0.0,7.4
121.75,0.07427453289846195,35.625014406462526,0.0,1.0000000000000018e-05,0.0,7.4
122.0,0.07446954478228417,35.66741657061189,0.0,1.0000000000000018e-05,0.0,7.4
122.25,0.07466714035016211,35.710969625034046,0.0,1.0000000000000018e-05,0.0,7.4
122.5,0.07486718175308232,35.75566611687455,0.0,1.0000000000000018e-05,0.0,7.4
122.75,0.0750695306461141,35.80149666708641,0.0,1.0000000000000018e-05,0.0,7.4
123.0,0.07527404829387008,35.84844996677264,0.0,1.0000000000000018e-05,0.0,7.4
123.25,0.07548059567587768,35.89651277559432,0.0,1.0000000000000018e-05,0.0,7.4
123.5,0.07568903359177499,35.945669922251874,0.0,1.0000000000000018e-05,0.0,7.4
123.75,0.07589922276624682,35.99590430704568,0.0,1.0000000000000018e-05,0.0,7.4
124.0,0.07611102395361564,36.04719690651888,0.0,1.0000000000000018e-05,0.0,7.4
124.25,0.07632429804200247,36.09952678018483,0.0,1.0000000000000018e-05,0.0,7.4
124.5,0.07653890615697456,36.152871079338155,0.0,1.0000000000000018e-05,0.0,7.4
124.75,0.07675470976459563,36.20720505794707,0.0,1.0000000000000018e-05,0.0,7.4
125.0,0.07697157077379574,36.26250208562263,0.0,1.0000000000000018e-05,0.0,7.4
125.25,0.07718935163797912,36.31873366265791,0.0,1.0000000000000018e-05,0.0,7.4
125.5,0.07740791545578775,36.37586943712901,0.0,1.0000000000000018e-05,0.0,7.4
125.75,0.07762712607094024,36.433877224046434,0.0,1.0000000000000018e-05,0.0,7.4
126.0,0.07784684817106635,36.49272302654501,0.0,1.0000000000000018e-05,0.0,7.4
126.25,0.07806694738545757,36.55237105909687,0.0,1.0000000000000018e-05,0.0,7.4
126.5,0.07828729038165694,36.612783772731035,0.0,1.0000000000000018e-05,0.0,7.4
126.75,0.0785077449608099,36.673921882241025,0.0,1.0000000000000018e-05,0.0,7.4
127.0,0.07872818015170184,36.735744395359276,0.0,1.0000000000000018e-05,0.0,7.4
127.25,0.07894846630340652,36.79820864387595,0.0,1.0000000000000018e-05,0.0,7.4
127.5,0.07916847517647323,36.861270316677555,0.0,1.0000000000000018e-05,0.0,7.4
127.75,0.07938808003258022,36.92488349467847,0.0,1.0000000000000018e-05,0.0,7.4
128.0,0.0796071557225836,36.98900068761697,0.0,1.0000000000000018e-05,0.0,7.4
128.25,0.07982557877289331,37.053572872685656,0.0,1.0000000000000018e-05,0.0,7.4
128.5,0.08004322747010795,37.118549534963385,0.0,1.0000000000000018e-05,0.0,7.4
128.75,0.0802599819438427,37.18387870961529,0.0,1.0000000000000018e-05,0.0,7.4
129.0,0.08047572424768597,37.24950702582464,0.0,1.0000000000000018e-05,0.0,7.4
129.25,0.08069033843822171,37.31537975241879,0.0,1.0000000000000018e-05,0.0,7.4
129.5,0.08090371065205669,37.38144084515016,0.0,1.0000000000000018e-05,0.0,7.4
129.75,0.08111572918079327,37.4476329955909,0.0,1.0000000000000018e-05,0.0,7.4
130.0,0.08132628454389024,37.513897681598486,0.0,1.0000000000000018e-05,0.0,7.4
130.25,0.08153526955935622,37.580175219307975,0.0,1.0000000000000018e-05,0.0,7.4
130.5,0.08174257941222185,37.64640481660488,0.0,1.0000000000000018e-05,0.0,7.4
130.75,0.08194811172073917,37.712524628031,0.0,1.0000000000000018e-05,0.0,7.4
131.0,0.08215176660025848,37.778471811074496,0.0,1.0000000000000018e-05,0.0,7.4
131.25,0.08235344672473494,37.84418258379341,0.0,1.0000000000000018e-05,0.0,7.4
131.5,0.08255305738581929,37.90959228372079,0.0,1.0000000000000018e-05,0.0,7.4
131.75,0.08275050654948972,37.97463542799844,0.0,1.0000000000000018e-05,0.0,7.4
132.0,0.08294570491018272,38.03924577468411,0.0,1.0000000000000018e-05,0.0,7.4
132.25,0.08313856594238468,38.103356385176895,0.0,1.0000000000000018e-05,0.0,7.4
132.5,0.08332900594964693,38.166899687703435,0.0,1.0000000000000018e-05,0.0,7.4
132.75,0.0835169441109896,38.229807541806544,0.0,1.0000000000000018e-05,0.0,7.4
133.0,0.08370230252466232,38.292011303777336,0.0,1.0000000000000018e-05,0.0,7.4
133.25,0.08388500624923118,38.35344189296992,0.0,1.0000000000000018e-05,0.0,7.4
133.5,0.08406498334196466,38.4140298589377,0.0,1.0000000000000018e-05,0.0,7.4
133.75,0.0842421648944934,38.47370544932858,0.0,1.0000000000000018e-05,0.0,7.4
134.0,0.08441648506572018,38.532398678475886,0.0,1.0000000000000018e-05,0.0,7.4
134.25,0.08458788111196035,38.590039396621194,0.0,1.0000000000000018e-05,0.0,7.4
134.5,0.0847562934142939,38.64655735970354,0.0,1.0000000000000018e-05,0.0,7.4
134.75,0.08492166550311397,38.701882299650435,0.0,1.0000000000000018e-05,0.0,7.4
135.0,0.08508394407985825,38.75594399510325,0.0,1.0000000000000018e-05,0.0,7.4
135.25,0.08524307903591267,38.80867234251129,0.0,1.0000000000000018e-05,0.0,7.4
135.5,0.08539902346867856,38.85999742752644,0.0,1.0000000000000018e-05,0.0,7.4
135.75,0.08555173369479818,38.90984959663085,0.0,1.0000000000000018e-05,0.0,7.4
136.0,0.08570116926053427,38.95815952892949,0.0,1.0000000000000018e-05,0.0,7.4
136.25,0.08584729294930353,39.00485830803896,0.0,1.0000000000000018e-05,0.0,7.4
136.5,0.08599007078636484,39.0498774940036,0.0,1.0000000000000018e-05,0.0,7.4
136.75,0.08612947204066668,39.09314919517017,0.0,1.0000000000000018e-05,0.0,7.4
137.0,0.08626546922385979,39.13460613995159,0.0,1.0000000000000018e-05,0.0,7.4
137.25,0.0863980380864845,39.1741817484106,0.0,1.0000000000000018e-05,0.0,7.4
137.5,0.08652715761134334,39.21181020359425,0.0,1.0000000000000018e-05,0.0,7.4
137.75,0.08665281000407346,39.247426522549574,0.0,1.0000000000000018e-05,0.0,7.4
138.0,0.0867749806809344,39.28096662695178,0.0,1.0000000000000018e-05,0.0,7.4
138.25,0.08689365825383023,39.312367413275645,0.0,1.0000000000000018e-05,0.0,7.4
138.5,0.08700883451258686,39.34156682244178,0.0,1.0000000000000018e-05,0.0,7.4
138.75,0.08712050440450803,39.36850390886886,0.0,1.0000000000000018e-05,0.0,7.4
139.0,0.08722866601123525,39.393118908864594,0.0,1.0000000000000018e-05,0.0,7.4
139.25,0.08733332052294024,39.41535330828709,0.0,1.0000000000000018e-05,0.0,7.4
139.5,0.08743447220987999,39.43514990940988,0.0,1.0000000000000018e-05,0.0,7.4
139.75,0.08753212839134664,39.45245289692434,0.0,1.0000000000000018e-05,0.0,7.4
140.0,0.08762629940204768,39.46720790301315,0.0,1.0000000000000018e-05,0.0,7.4
140.25,0.0877169985559529,39.479362071430046,0.0,1.0000000000000018e-05,0.0,7.4
140.5,0.0878042421076477,39.48886412052115,0.0,1.0000000000000018e-05,0.0,7.4
140.75,0.08788804921123368,39.49566440512444,0.0,1.0000000000000018e-05,0.0,7.4
141.0,0.08796844187682035,39.49971497728474,0.0,1.0000000000000018e-05,0.0,7.4
141.25,0.08804544492465328,39.50096964572198,0.0,1.0000000000000018e-05,0.0,7.4
141.5,0.08811908593692597,39.49938403399264,0.0,1.0000000000000018e-05,0.0,7.4
141.75,0.08818939520732544,39.494915637283924,0.0,1.0000000000000018e-05,0.0,7.4
142.0,0.08825640568836253,39.487523877782756,0.0,1.0000000000000018e-05,0.0,7.4
142.25,0.0883201529365403,39.47717015856135,0.0,1.0000000000000018e-05,0.0,7.4
142.5,0.08838067505541583,39.46381791592407,0.0,1.0000000000000018e-05,0.0,7.4
142.75,0.08843801263661219,39.447432670159785,0.0,1.0000000000000018e-05,0.0,7.4
143.0,0.08849220869883935,39.42798207464662,0.0,1.0000000000000018e-05,0.0,7.4
143.25,0.08854330862498433,39.40543596325689,0.0,1.0000000000000018e-05,0.0,7.4
143.5,0.08859136009733243,39.379766396011014,0.0,1.0000000000000018e-05,0.0,7.4
143.75,0.08863641303098374,39.35094770293179,0.0,1.0000000000000018e-05,0.0,7.4
144.0,0.08867851950552878,39.31895652605056,0.0,1.0000000000000018e-05,0.0,7.4
144.25,0.08871773369505123,39.28377185951983,0.0,1.0000000000000018e-05,0.0,7.4
144.5,0.08875411179652448,39.2453750877871,0.0,1.0000000000000018e-05,0.0,7.4
144.75,0.08878771195667233,39.203750021787606,0.0,1.0000000000000018e-05,0.0,7.4
145.0,0.08881859419736333,39.15888293311465,0.0,1.0000000000000018e-05,0.0,7.4
145.25,0.08884682033961139,39.11076258612793,0.0,1.0000000000000018e-05,0.0,7.4
145.5,0.08887245392625516,39.059380267962695,0.0,1.0000000000000018e-05,0.0,7.4
145.75,0.08889556014339028,39.00472981640359,0.0,1.0000000000000018e-05,0.0,7.4
146.0,0.08891620574062957,38.946807645589615,0.0,1.0000000000000018e-05,0.0,7.4
146.25,0.08893445895026686,38.88561276951811,0.0,1.0000000000000018e-05,0.0,7.4
146.5,0.08895038940542187,38.821146823317655,0.0,1.0000000000000018e-05,0.0,7.4
146.75,0.08896406805724329,38.753414082262196,0.0,1.0000000000000018e-05,0.0,7.4
147.0,0.08897556709124871,38.682421478499855,0.0,1.0000000000000018e-05,0.0,7.4
147.25,0.08898495984288042,38.60817861547288,0.0,1.0000000000000018e-05,0.0,7.4
147.5,0.08899232071235696,38.53069778000646,0.0,1.0000000000000018e-05,0.0,7.4
147.75,0.08899772507890041,38.44999395204686,0.0,1.0000000000000018e-05,0.0,7.4
148.0,0.08900124921442025,38.36608481203069,0.0,1.0000000000000018e-05,0.0,7.4
148.25,0.08900297019673499,38.278990745870004,0.0,1.0000000000000018e-05,0.0,7.4
148.5,0.08900296582241257,38.188734847539834,0.0,1.0000000000000018e-05,0.0,7.4
148.75,0.08900131451931198,38.09534291925623,0.0,1.0000000000000018e-05,0.0,7.4
149.0,0.08899809525890683,37.998843469236476,0.0,1.0000000000000018e-05,0.0,7.4
149.25,0.08899338746847378,37.899267707033765,0.0,1.0000000000000018e-05,0.0,7.4
149.5,0.08898727094322746,37.79664953644196,0.0,1.0000000000000018e-05,0.0,7.4
149.75,0.08897982575848329,37.69102554596798,0.0,1.0000000000000018e-05,0.0,7.4
150.0,0.08897113218193087,37.58243499687087,0.0,1.0000000000000018e-05,0.0,7.4
150.25,0.08896127058609894,37.47091980877024,0.0,1.0000000000000018e-05,0.0,7.4
150.5,0.08895032136109336,37.35652454282736,0.0,1.0000000000000018e-05,0.0,7.4
150.75,0.0889383648276891,37.239296382505806,0.0,1.0000000000000018e-05,0.0,7.4
151.0,0.08892548115085706,37.119285111919744,0.0,1.0000000000000018e-05,0.0,7.4
151.25,0.08891175025380539,36.996543091781085,0.0,1.0000000000000018e-05,0.0,7.4
151.5,0.08889725173261528,36.871125232957766,0.0,1.0000000000000018e-05,0.0,7.4
151.75,0.08888206477154967,36.74308896765898,0.0,1.0000000000000018e-05,0.0,7.4
152.0,0.0888662680591138,36.61249421826438,0.0,1.0000000000000018e-05,0.0,7.4
152.25,0.08884993970494429,36.479403363816644,0.0,1.0000000000000018e-05,0.0,7.4
152.5,0.08883315715760386,36.343881204199434,0.0,1.0000000000000018e-05,0.0,7.4
152.75,0.08881599712335726,36.20599492202422,0.0,1.0000000000000018e-05,0.0,7.4
153.0,0.08879853548600339,36.06581404225233,0.0,1.0000000000000018e-05,0.0,7.4
153.25,0.08878084722783651,35.92341038957992,0.0,1.0000000000000018e-05,0.0,7.4
153.5,0.08876300635181056,35.77885804361642,0.0,1.0000000000000018e-05,0.0,7.4
153.75,0.08874508580497656,35.63223329188825,0.0,1.0000000000000018e-05,0.0,7.4
154.0,0.08872715740326435,35.48361458070261,0.0,1.0000000000000018e-05,0.0,7.4
154.25,0.08870929175767697,35.333082463907346,0.0,1.0000000000000018e-05,0.0,7.4
154.5,0.0886915582019655,35.18071954958504,0.0,1.0000000000000018e-05,0.0,7.4
154.75,0.08867402472185064,35.02661044472217,0.0,1.0000000000000018e-05,0.0,7.4
155.0,0.08865675788585507,34.8708416978947,0.0,1.0000000000000018e-05,0.0,7.4
155.25,0.08863982277781052,34.71350174001489,0.0,1.0000000000000018e-05,0.0,7.4
155.5,0.08862328293110061,34.55468082318477,0.0,1.0000000000000018e-05,0.0,7.4
155.75,0.08860720026469922,34.39447095770429,0.0,1.0000000000000018e-05,0.0,7.4
156.0,0.08859163502106311,34.23296584728331,0.0,1.0000000000000018e-05,0.0,7.4
156.25,0.08857664570593454,34.070260822509226,0.0,1.0000000000000018e-05,0.0,7.4
156.5,0.08856228903010915,33.906452772622394,0.0,1.0000000000000018e-05,0.0,7.4
156.75,0.0885486198532214,33.74164007565474,0.0,1.0000000000000018e-05,0.0,7.4
157.0,0.08853569112959883,33.575922526986965,0.0,1.0000000000000018e-05,0.0,7.4
157.25,0.08852355385623352,33.40940126638263,0.0,1.0000000000000018e-05,0.0,7.4
157.5,0.0885122570229185,33.24217870355797,0.0,1.0000000000000018e-05,0.0,7.4
157.75,0.08850184756459313,33.07435844234836,0.0,1.0000000000000018e-05,0.0,7.4
158.0,0.08849237031594097,32.90604520353331,0.0,1.0000000000000018e-05,0.0,7.4
158.25,0.08848386796828034,32.73734474638337,0.0,1.0000000000000018e-05,0.0,7.4
158.5,0.08847638102878677,32.56836378899402,0.0,1.0000000000000018e-05,0.0,7.4
158.75,0.08846994778208292,32.39920992747181,0.0,1.0000000000000018e-05,0.0,7.4
159.0,0.08846460425423094,32.22999155404041,0.0,1.0000000000000018e-05,0.0,7.4
159.25,0.08846038417915852,32.0608177741348,0.0,1.0000000000000018e-05,0.0,7.4
159.5,0.08845731896754881,31.891798322552308,0.0,1.0000000000000018e-05,0.0,7.4
159.75,0.08845543767822144,31.723043478731405,0.0,1.0000000000000018e-05,0.0,7.4
160.0,0.0884547669920292,31.554663981229247,0.0,1.0000000000000018e-05,0.0,7.4
160.25,0.08845533118829364,31.386770941469898,0.0,1.0000000000000018e-05,0.0,7.4
160.5,0.0884571521237999,31.21947575683634,0.0,1.0000000000000018e-05,0.0,7.4
160.75,0.08846024921436797,31.05289002317986,0.0,1.0000000000000018e-05,0.0,7.4
161.0,0.08846463941901685,30.887125446821095,0.0,1.0000000000000018e-05,0.0,7.4
161.25,0.08847033722673381,30.72229375611779,0.0,1.0000000000000018e-05,0.0,7.4
161.5,0.08847735464586023,30.558506612674584,0.0,1.0000000000000018e-05,0.0,7.4
161.75,0.08848570119610152,30.395875522270956,0.0,1.0000000000000018e-05,0.0,7.4
162.0,0.08849538390316729,30.23451174558376,0.0,1.0000000000000018e-05,0.0,7.4
162.25,0.08850640729604511,30.074526208780814,0.0,1.0000000000000018e-05,0.0,7.4
162.5,0.08851877340690846,29.916029414063104,0.0,1.0000000000000018e-05,0.0,7.4
162.75,0.08853248177365729,29.75913135023215,0.0,1.0000000000000018e-05,0.0,7.4
163.0,0.08854752944508772,29.603941403360466,0.0,1.0000000000000018e-05,0.0,7.4
163.25,0.0885639109886832,29.450568267642335,0.0,1.0000000000000018e-05,0.0,7.4
163.5,0.08858161850101959,29.299119856502443,0.0,1.0000000000000018e-05,0.0,7.4
163.75,0.08860064162077115,29.149703214039643,0.0,1.0000000000000018e-05,0.0,7.4
164.0,0.08862096754430548,29.00242442688318,0.0,1.0000000000000018e-05,0.0,7.4
164.25,0.08864258104384927,28.857388536538647,0.0,1.0000000000000018e-05,0.0,7.4
164.5,0.08866546448820752,28.71469945229996,0.0,1.0000000000000018e-05,0.0,7.4
164.75,0.08868959786601471,28.574459864804396,0.0,1.0000000000000018e-05,0.0,7.4
165.0,0.08871495881149431,28.436771160306275,0.0,1.0000000000000018e-05,0.0,7.4
165.25,0.08874152263270138,28.301733335745034,0.0,1.0000000000000018e-05,0.0,7.4
165.5,0.08876926234221959,28.169444914682806,0.0,1.0000000000000018e-05,0.0,7.4
165.75,0.08879814869028269,28.04000286418574,0.0,1.0000000000000018e-05,0.0,7.4
166.0,0.08882815020028767,27.913502512722737,0.0,1.0000000000000018e-05,0.0,7.4
166.25,0.08885923320666443,27.790037469154885,0.0,1.0000000000000018e-05,0.0,7.4
166.5,0.08889136189506533,27.66969954288749,0.0,1.0000000000000018e-05,0.0,7.4
166.75,0.08892449834483473,27.55257866525606,0.0,1.0000000000000018e-05,0.0,7.4
167.0,0.08895860257371768,27.438762812216517,0.0,1.0000000000000018e-05,0.0,7.4
167.25,0.08899363258476357,27.32833792840921,0.0,1.0000000000000018e-05,0.0,7.4
167.5,0.08902954441537982,27.221387852664726,0.0,1.0000000000000018e-05,0.0,7.4
167.75,0.08906629218848718,27.1179942450188,0.0,1.0000000000000018e-05,0.0,7.4
168.0,0.08910382816572765,27.018236515302192,0.0,1.0000000000000018e-05,0.0,7.4
168.25,0.08914210280267315,26.922191753370182,0.0,1.0000000000000018e-05,0.0,7.4
168.5,0.0891810648059813,26.829934661035296,0.0,1.0000000000000018e-05,0.0,7.4
168.75,0.0892206611924435,26.741537485764923,0.0,1.0000000000000018e-05,0.0,7.4
169.0,0.08926083734986764,26.6570699562046,0.0,1.0000000000000018e-05,0.0,7.4
169.25,0.0893015370997368,26.576599219586136,0.0,1.0000000000000018e-05,0.0,7.4
169.5,0.08934270276158358,26.500189781077896,0.0,1.0000000000000018e-05,0.0,7.4
169.75,0.0893842752190176,26.42790344513343,0.0,1.0000000000000018e-05,0.0,7.4
170.0,0.08942619398734232,26.359799258892682,0.0,1.0000000000000018e-05,0.0,7.4
170.25,0.08946839728269636,26.29593345768832,0.0,1.0000000000000018e-05,0.0,7.4
170.5,0.08951082209265192,26.236359412708232,0.0,1.0000000000000018e-05,0.0,7.4
170.75,0.08955340424820275,26.18112758086334,0.0,1.0000000000000018e-05,0.0,7.4
171.0,0.08959607849707166,26.130285456907632,0.0,1.0000000000000018e-05,0.0,7.4
171.25,0.08963877857826702,26.083877527856245,0.0,1.0000000000000018e-05,0.0,7.4
171.5,0.08968143729781633,26.041945229744748,0.0,1.0000000000000018e-05,0.0,7.4
171.75,0.08972398660560345,26.004526906771332,0.0,1.0000000000000018e-05,0.0,7.4
172.0,0.08976635767323553,25.971657772861242,0.0,1.0000000000000018e-05,0.0,7.4
172.25,0.08980848097286398,25.943369875691044,0.0,1.0000000000000018e-05,0.0,7.4
172.5,0.08985028635688395,25.919692063207968,0.0,1.0000000000000018e-05,0.0,7.4
172.75,0.08989170313843448,25.900649952677785,0.0,1.0000000000000018e-05,0.0,7.4
173.0,0.08993266017262178,25.88626590229218,0.0,1.0000000000000018e-05,0.0,7.4
173.25,0.08997308593838726,25.876558985364714,0.0,1.0000000000000018e-05,0.0,7.4
173.5,0.09001290862094048,25.871544967142018,0.0,1.0000000000000018e-05,0.0,7.4
173.75,0.09005205619467743,25.871236284254884,0.0,1.0000000000000018e-05,0.0,7.4
174.0,0.09009045650650384,25.875642026831507,0.0,1.0000000000000018e-05,0.0,7.4
174.25,0.09012803735948224,25.884767923292724,0.0,1.0000000000000018e-05,0.0,7.4
174.5,0.09016472659672191,25.898616327847336,0.0,1.0000000000000018e-05,0.0,7.4
174.75,0.09020045218543014,25.917186210702464,0.0,1.0000000000000018e-05,0.0,7.4
175.0,0.09023514230104274,25.94047315100255,0.0,1.0000000000000018e-05,0.0,7.4
175.25,0.09026872541135206,25.96846933250727,0.0,1.0000000000000018e-05,0.0,7.4
175.5,0.09030113036055074,26.001163542016897,0.0,1.0000000000000018e-05,0.0,7.4
175.75,0.09033228645310884,26.038541170551404,0.0,1.0000000000000018e-05,0.0,7.4
176.0,0.09036212353740232,26.08058421728667,0.0,1.0000000000000018e-05,0.0,7.4
176.25,0.09039057208901191,26.127271296249006,0.0,1.0000000000000018e-05,0.0,7.4
176.5,0.09041756329360952,26.17857764576724,0.0,1.0000000000000018e-05,0.0,7.4
176.75,0.09044302912935204,26.234475140678494,0.0,1.0000000000000018e-05,0.0,7.4
177.0,0.09046690244870133,26.29493230728214,0.0,1.0000000000000018e-05,0.0,7.4
177.25,0.0904891170595893,26.35991434103331,0.0,1.0000000000000018e-05,0.0,7.4
177.5,0.0905096078058495,26.42938312696571,0.0,1.0000000000000018e-05,0.0,7.4
177.75,0.09052831064683442,26.50329726283041,0.0,1.0000000000000018e-05,0.0,7.4
178.0,0.09054516273614079,26.581612084935553,0.0,1.0000000000000018e-05,0.0,7.4
178.25,0.09056010249936479,26.664279696669002,0.0,1.0000000000000018e-05,0.0,7.4
178.5,0.09057306971080983,26.75124899968413,0.0,1.0000000000000018e-05,0.0,7.4
178.75,0.090584005569071,26.842465727726193,0.0,1.0000000000000018e-05,0.0,7.4
179.0,0.0905928527714204,26.937872483074784,0.0,1.0000000000000018e-05,0.0,7.4
179.25,0.09059955558691969,27.03740877557539,0.0,1.0000000000000018e-05,0.0,7.4
179.5,0.09060405992818667,27.141011064230646,0.0,1.0000000000000018e-05,0.0,7.4
179.75,0.09060631342174309,27.24861280132025,0.0,1.0000000000000018e-05,0.0,7.4
180.0,0.09060626547687409,27.36014447901536,0.0,1.0000000000000018e-05,0.0,7.4
180.25,0.09060386735292904,27.47553367845218,0.0,1.0000000000000018e-05,0.0,7.4
180.5,0.09059907222499568,27.59470512122612,0.0,1.0000000000000018e-05,0.0,7.4
180.75,0.09059183524788146,27.71758072326708,0.0,1.0000000000000018e-05,0.0,7.4
181.0,0.09058211361833611,27.844079651053033,0.0,1.0000000000000018e-05,0.0,7.4
181.25,0.09056986663545237,27.974118380117933,0.0,1.0000000000000018e-05,0.0,7.4
181.5,0.09055505575918238,28.107610755807688,0.0,1.0000000000000018e-05,0.0,7.4
181.75,0.0905376446669099,28.244468056235718,0.0,1.0000000000000018e-05,0.0,7.4
182.0,0.09051759930801917,28.384599057387945,0.0,1.0000000000000018e-05,0.0,7.4
182.25,0.09049488795640358,28.52791010032527,0.0,1.0000000000000018e-05,0.0,7.4
182.5,0.09046948126085953,28.674305160429288,0.0,1.0000000000000018e-05,0.0,7.4
182.75,0.09044135229331186,28.823685918635604,0.0,1.0000000000000018e-05,0.0,7.4
183.0,0.09041047659481972,28.9759518345972,0.0,1.0000000000000018e-05,0.0,7.4
183.25,0.0903768322193137,29.1310002217185,0.0,1.0000000000000018e-05,0.0,7.4
183.5,0.090340399775017,29.28872632399938,0.0,1.0000000000000018e-05,0.0,7.4
183.75,0.09030116246350532,29.44902339462634,0.0,1.0000000000000018e-05,0.0,7.4
184.0,0.09025910611636279,29.611782776246898,0.0,1.0000000000000018e-05,0.0,7.4
184.25,0.09021421922939257,29.776893982861793,0.0,1.0000000000000018e-05,0.0,7.4
184.5,0.09016649299434386,29.944244783267404,0.0,1.0000000000000018e-05,0.0,7.4
184.75,0.09011592132811877,30.113721285980553,0.0,1.0000000000000018e-05,0.0,7.4
185.0,0.09006250089942497,30.285208025575546,0.0,1.0000000000000018e-05,0.0,7.4
185.25,0.09000623115284176,30.45858805036258,0.0,1.0000000000000018e-05,0.0,7.4
185.5,0.08994711433027112,30.633743011335262,0.0,1.0000000000000018e-05,0.0,7.4
185.75,0.08988515548974543,30.81055325231361,0.0,1.0000000000000018e-05,0.0,7.4
186.0,0.08982036252156787,30.988897901208635,0.0,1.0000000000000018e-05,0.0,7.4
186.25,0.08975274616176313,31.168654962332305,0.0,1.0000000000000018e-05,0.0,7.4
186.5,0.089682320002818,31.349701409676875,0.0,1.0000000000000018e-05,0.0,7.4
186.75,0.08960910050169524,31.5319132810862,0.0,1.0000000000000018e-05,0.0,7.4
187.0,0.08953310698510547,31.715165773240795,0.0,1.0000000000000018e-05,0.0,7.4
187.25,0.08945436165202428,31.89933333737763,0.0,1.0000000000000018e-05,0.0,7.4
187.5,0.08937288957344529,32.084289775665376,0.0,1.0000000000000018e-05,0.0,7.4
187.75,0.08928871868936177,32.26990833815453,0.0,1.0000000000000018e-05,0.0,7.4
188.0,0.08920187980297128,32.45606182022186,0.0,1.0000000000000018e-05,0.0,7.4
188.25,0.08911240657210226,32.642622660427946,0.0,1.0000000000000018e-05,0.0,7.4
188.5,0.08902033549786162,32.82946303870607,0.0,1.0000000000000018e-05,0.0,7.4
188.75,0.0889257059105071,33.01645497480039,0.0,1.0000000000000018e-05,0.0,7.4
189.0,0.08882855995254955,33.20347042687152,0.0,1.0000000000000018e-05,0.0,7.4
189.25,0.08872894255909267,33.3903813901867,0.0,1.0000000000000018e-05,0.0,7.4
189.5,0.0886269014354216,33.577059995812235,0.0,1.0000000000000018e-05,0.0,7.4
189.75,0.08852248703185257,33.763378609225256,0.0,1.0000000000000018e-05,0.0,7.4
190.0,0.08841575251585969,33.94920992876289,0.0,1.0000000000000018e-05,0.0,7.4
190.25,0.08830675374149716,34.13442708382556,0.0,1.0000000000000018e-05,0.0,7.4
190.5,0.08819554921613698,34.31890373275272,0.0,1.0000000000000018e-05,0.0,7.4
190.75,0.08808220006454602,34.50251416028857,0.0,1.0000000000000018e-05,0.0,7.4
191.0,0.08796676999032754,34.685133374556116,0.0,1.0000000000000018e-05,0.0,7.4
191.25,0.08784932523475551,34.866637203458424,0.0,1.0000000000000018e-05,0.0,7.4
191.5,0.08772993453303257,35.04690239042545,0.0,1.0000000000000018e-05,0.0,7.4
191.75,0.08760866906800387,35.2258066894271,0.0,1.0000000000000018e-05,0.0,7.4
192.0,0.08748560242136283,35.40322895917152,0.0,1.0000000000000018e-05,0.0,7.4
192.25,0.08736081052238648,35.57904925641058,0.0,1.0000000000000018e-05,0.0,7.4
192.5,0.08723437159423997,35.75314892827318,0.0,1.0000000000000018e-05,0.0,7.4
192.75,0.08710636609789316,35.9254107035495,0.0,1.0000000000000018e-05,0.0,7.4
193.0,0.08697687667369355,36.09571878284924,0.0,1.0000000000000018e-05,0.0,7.4
193.25,0.0868459880806427,36.263958927557546,0.0,1.0000000000000018e-05,0.0,7.4
193.5,0.08671378713342509,36.430018547514784,0.0,1.0000000000000018e-05,0.0,7.4
193.75,0.08658036263724021,36.59378678734568,0.0,1.0000000000000018e-05,0.0,7.4
194.0,0.0864458053204922,36.75515461136535,0.0,1.0000000000000018e-05,0.0,7.4
194.25,0.08631020776539117,36.914014886991296,0.0,1.0000000000000018e-05,0.0,7.4
194.5,0.08617366433652443,37.070262466590506,0.0,1.0000000000000018e-05,0.0,7.4
194.75,0.08603627110745699,37.223794267693656,0.0,1.0000000000000018e-05,0.0,7.4
195.0,0.08589812578542176,37.37450935150821,0.0,1.0000000000000018e-05,0.0,7.4
195.25,0.08575932763416376,37.522308999665015,0.0,1.0000000000000018e-05,0.0,7.4
195.5,0.08561997739500231,37.66709678913368,0.0,1.0000000000000018e-05,0.0,7.4
195.75,0.08548017720617834,37.80877866524388,0.0,1.0000000000000018e-05,0.0,7.4
196.0,0.08534003052055522,37.94726301275104,0.0,1.0000000000000018e-05,0.0,7.4
196.25,0.08519964202174293,38.08246072488722,0.0,1.0000000000000018e-05,0.0,7.4
196.5,0.08505911753871732,38.214285270338856,0.0,1.0000000000000018e-05,0.0,7.4
196.75,0.0849185639590076,38.34265275809529,0.0,1.0000000000000018e-05,0.0,7.4
197.0,0.08477808914052648,38.467482000114046,0.0,1.0000000000000018e-05,0.0,7.4
197.25,0.08463780182211911,38.58869457174991,0.0,1.0000000000000018e-05,0.0,7.4
197.5,0.08449781153290786,38.70621486989777,0.0,1.0000000000000018e-05,0.0,7.4
197.75,0.08435822850051178,38.81997016879999,0.0,1.0000000000000018e-05,0.0,7.4
198.0,0.08421916355822016,38.929890673472464,0.0,1.0000000000000018e-05,0.0,7.4
198.25,0.08408072805120109,39.03590957070427,0.0,1.0000000000000018e-05,0.0,7.4
198.5,0.08394303374182725,39.13796307758847,0.0,1.0000000000000018e-05,0.0,7.4
198.75,0.08380619271420098,39.23599048754406,0.0,1.0000000000000018e-05,0.0,7.4
199.0,0.08367031727796362,39.32993421379053,0.0,1.0000000000000018e-05,0.0,7.4
199.25,0.08353551987147192,39.41973983023916,0.0,1.0000000000000018e-05,0.0,7.4
199.5,0.08340191296442907,39.50535610976715,0.0,1.0000000000000018e-05,0.0,7.4
199.75,0.08326960896005435,39.58673505984334,0.0,1.0000000000000018e-05,0.0,7.4
200.0,0.083138720096879,39.663831955475835,0.0,1.0000000000000018e-05,0.0,7.4
200.25,0.08300935835025558,39.73660536945485,0.0,1.0000000000000018e-05,0.0,7.4
200.5,0.08288163533366777,39.80501719986621,0.0,1.0000000000000018e-05,0.0,7.4
200.75,0.08275566219992911,39.86903269485278,0.0,1.0000000000000018e-05,0.0,7.4
201.0,0.08263154954235855,39.928620474604585,0.0,1.0000000000000018e-05,0.0,7.4
201.25,0.0825094072960215,39.98375255055945,0.0,1.0000000000000018e-05,0.0,7.4
201.5,0.08238934463912506,40.03440434179944,0.0,1.0000000000000018e-05,0.0,7.4
201.75,0.08227146989465545,40.08055468863009,0.0,1.0000000000000018e-05,0.0,7.4
202.0,0.08215589043234728,40.12218586333259,0.0,1.0000000000000018e-05,0.0,7.4
202.25,0.08204271257107237,40.159283578080455,0.0,1.0000000000000018e-05,0.0,7.4
202.5,0.0819320414817367,40.19183699001587,0.0,1.0000000000000018e-05,0.0,7.4
202.75,0.08182398109077359,40.21983870348234,0.0,1.0000000000000018e-05,0.0,7.4
203.0,0.08171863398432107,40.24328476941333,0.0,1.0000000000000018e-05,0.0,7.4
203.25,0.08161610131317029,40.26217468187875,0.0,1.0000000000000018e-05,0.0,7.4
203.5,0.08151648269857237,40.27651137179385,0.0,1.0000000000000018e-05,0.0,7.4
203.75,0.08141987613898928,40.28630119779702,0.0,1.0000000000000018e-05,0.0,7.4
204.0,0.08132637791787506,40.2915539343063,0.0,1.0000000000000018e-05,0.0,7.4
204.25,0.08123608251257168,40.2922827567656,0.0,1.0000000000000018e-05,0.0,7.4
204.5,0.08114908250440411,40.28850422409548,0.0,1.0000000000000018e-05,0.0,7.4
204.75,0.08106546849005702,40.280238258364705,0.0,1.0000000000000018e-05,0.0,7.4
205.0,0.08098532899431649,40.267508121701226,0.0,1.0000000000000018e-05,0.0,7.4
205.25,0.08090875038425664,40.25034039046454,0.0,1.0000000000000018e-05,0.0,7.4
205.5,0.0808358167849525,40.228764926702624,0.0,1.0000000000000018e-05,0.0,7.4
205.75,0.0807666099967968,40.202814846919495,0.0,1.0000000000000018e-05,0.0,7.4
206.0,0.0807012094144996,40.17252648818199,0.0,1.0000000000000018e-05,0.0,7.4
206.25,0.0806396919478459,40.1379393715961,0.0,1.0000000000000018e-05,0.0,7.4
206.5,0.08058213194428725,40.09909616318601,0.0,1.0000000000000018e-05,0.0,7.4
206.75,0.08052860111343996,40.05604263221056,0.0,1.0000000000000018e-05,0.0,7.4
207.0,0.08047916845356255,40.00882760695506,0.0,1.0000000000000018e-05,0.0,7.4
207.25,0.08043390018008229,39.95750292803724,0.0,1.0000000000000018e-05,0.0,7.4
207.5,0.08039285965623982,39.902123399269655,0.0,1.0000000000000018e-05,0.0,7.4
207.75,0.08035610732591886,39.84274673612179,0.0,1.0000000000000018e-05,0.0,7.4
208.0,0.08032370064872613,39.77943351182786,0.0,1.0000000000000018e-05,0.0,7.4
208.25,0.08029569403738464,39.7122471011881,0.0,1.0000000000000018e-05,0.0,7.4
208.5,0.0802721387975022,39.64125362211336,0.0,1.0000000000000018e-05,0.0,7.4
208.75,0.08025308306977422,39.566521874964735,0.0,1.0000000000000018e-05,0.0,7.4
209.0,0.08023857177467884,39.488123279741856,0.0,1.0000000000000018e-05,0.0,7.4
209.25,0.08022864655971895,39.40613181117513,0.0,1.0000000000000018e-05,0.0,7.4
209.5,0.0802233457492652,39.32062393177963,0.0,1.0000000000000018e-05,0.0,7.4
209.75,0.08022270429705065,39.23167852292914,0.0,1.0000000000000018e-05,0.0,7.4
210.0,0.08022675374136609,39.13937681401138,0.0,1.0000000000000018e-05,0.0,7.4
210.25,0.08023552216300259,39.04380230972667,0.0,1.0000000000000018e-05,0.0,7.4
210.5,0.08024903414598543,38.945040715593876,0.0,1.0000000000000018e-05,0.0,7.4
210.75,0.08026731074114178,38.843179861729226,0.0,1.0000000000000018e-05,0.0,7.4
211.0,0.08029036943254139,38.73830962496475,0.0,1.0000000000000018e-05,0.0,7.4
211.25,0.08031822410684697,38.630521849374716,0.0,1.0000000000000018e-05,0.0,7.4
211.5,0.08035088502560997,38.51991026528009,0.0,1.0000000000000018e-05,0.0,7.4
211.75,0.08038835880054272,38.40657040680128,0.0,1.0000000000000018e-05,0.0,7.4
212.0,0.08043064837179742,38.29059952803202,0.0,1.0000000000000018e-05,0.0,7.4
212.25,0.08047775298927838,38.17209651790751,0.0,1.0000000000000018e-05,0.0,7.4
212.5,0.08052966819701224,38.05116181384122,0.0,1.0000000000000018e-05,0.0,7.4
212.75,0.08058638582059807,37.92789731420576,0.0,1.0000000000000018e-05,0.0,7.4
213.0,0.08064789395775607,37.802406289734776,0.0,1.0000000000000018e-05,0.0,7.4
213.25,0.08071417697199171,37.674793293922505,0.0,1.0000000000000018e-05,0.0,7.4
213.5,0.08078521548938919,37.54516407249988,0.0,1.0000000000000018e-05,0.0,7.4
213.75,0.0808609863985449,37.413625472065554,0.0,1.0000000000000018e-05,0.0,7.4
214.0,0.0809414628536497,37.28028534795191,0.0,1.0000000000000018e-05,0.0,7.4
214.25,0.08102661428072529,37.1452524714062,0.0,1.0000000000000018e-05,0.0,7.4
214.5,0.081116406387018,37.00863643616755,0.0,1.0000000000000018e-05,0.0,7.4
214.75,0.0812108011735497,36.87054756452119,0.0,1.0000000000000018e-05,0.0,7.4
215.0,0.08130975695082379,36.73109681291179,0.0,1.0000000000000018e-05,0.0,7.4
215.25,0.08141322835768043,36.590395677197606,0.0,1.0000000000000018e-05,0.0,7.4
215.5,0.08152116638329321,36.44855609762823,0.0,1.0000000000000018e-05,0.0,7.4
215.75,0.08163351839229646,36.3056903636279,0.0,1.0000000000000018e-05,0.0,7.4
216.0,0.08175022815302965,36.16191101846767,0.0,1.0000000000000018e-05,0.0,7.4
216.25,0.08187123586888227,36.017330763908355,0.0,1.0000000000000018e-05,0.0,7.4
216.5,0.08199647821272067,35.872062364897694,0.0,1.0000000000000018e-05,0.0,7.4
216.75,0.08212588836437466,35.726218554403715,0.0,1.0000000000000018e-05,0.0,7.4
217.0,0.08225939605115977,35.579911938466985,0.0,1.0000000000000018e-05,0.0,7.4
217.25,0.08239692759140804,35.43325490155378,0.0,1.0000000000000018e-05,0.0,7.4
217.5,0.08253840594097724,35.28635951229213,0.0,1.0000000000000018e-05,0.0,7.4
217.75,0.08268375074270672,35.139337429672054,0.0,1.0000000000000018e-05,0.0,7.4
218.0,0.08283287837878411,34.99229980979113,0.0,1.0000000000000018e-05,0.0,7.4
218.25,0.08298570202598621,34.845357213225654,0.0,1.0000000000000018e-05,0.0,7.4
218.5,0.08314213171375273,34.69861951310761,0.0,1.0000000000000018e-05,0.0,7.4
218.75,0.08330207438505176,34.55219580398626,0.0,1.0000000000000018e-05,0.0,7.4
219.0,0.08346543395998987,34.406194311552916,0.0,1.0000000000000018e-05,0.0,7.4
219.25,0.08363211140212132,34.26072230330701,0.0,1.0000000000000018e-05,0.0,7.4
219.5,0.08380200478740436,34.1158860002394,0.0,1.0000000000000018e-05,0.0,7.4
219.75,0.08397500937575372,33.971790489609376,0.0,1.0000000000000018e-05,0.0,7.4
220.0,0.0841510176851336,33.82853963889026,0.0,1.0000000000000018e-05,0.0,7.4
220.25,0.0843299195681345,33.68623601095659,0.0,1.0000000000000018e-05,0.0,7.4
220.5,0.08451160229097483,33.54498078058647,0.0,1.0000000000000018e-05,0.0,7.4
220.75,0.08469595061486473,33.40487365234981,0.0,1.0000000000000018e-05,0.0,7.4
221.0,0.08488284687967032,33.26601277995294,0.0,1.0000000000000018e-05,0.0,7.4
221.25,0.08507217108981058,33.12849468710818,0.0,1.0000000000000018e-05,0.0,7.4
221.5,0.08526380100232066,32.99241418999597,0.0,1.0000000000000018e-05,0.0,7.4
221.75,0.08545761221701119,32.85786432138546,0.0,1.0000000000000018e-05,0.0,7.4
222.0,0.08565347826865174,32.724936256478095,0.0,1.0000000000000018e-05,0.0,7.4
222.25,0.08585127072110568,32.593719240537006,0.0,1.0000000000000018e-05,0.0,7.4
222.5,0.08605085926334002,32.46430051836368,0.0,1.0000000000000018e-05,0.0,7.4
222.75,0.08625211180723397,32.33676526568119,0.0,1.0000000000000018e-05,0.0,7.4
223.0,0.08645489458710727,32.21119652248241,0.0,1.0000000000000018e-05,0.0,7.4
223.25,0.08665907226088759,32.087675128398885,0.0,1.0000000000000018e-05,0.0,7.4
223.5,0.08686450801283539,31.96627966014511,0.0,1.0000000000000018e-05,0.0,7.4
223.75,0.08707106365774306,31.847086371089986,0.0,1.0000000000000018e-05,0.0,7.4
224.0,0.08727859974652266,31.730169133006978,0.0,1.0000000000000018e-05,0.0,7.4
224.25,0.0874869756730973,31.615599380050504,0.0,1.0000000000000018e-05,0.0,7.4
224.5,0.08769604978250788,31.503446055006037,0.0,1.0000000000000018e-05,0.0,7.4
224.75,0.0879056794801472,31.39377555785787,0.0,1.0000000000000018e-05,0.0,7.4
225.0,0.08811572134203115,31.28665169671715,0.0,1.0000000000000018e-05,0.0,7.4
225.25,0.08832603122601691,31.182135641150808,0.0,1.0000000000000018e-05,0.0,7.4
225.5,0.08853646438387613,31.080285877949148,0.0,1.0000000000000018e-05,0.0,7.4
225.75,0.08874687557413057,30.981158169368403,0.0,1.0000000000000018e-05,0.0,7.4
226.0,0.08895711917555689,30.8848055138821,0.0,1.0000000000000018e-05,0.0,7.4
226.25,0.0891670493012667,30.791278109472454,0.0,1.0000000000000018e-05,0.0,7.4
226.5,0.08937651991326678,30.70062331949146,0.0,1.0000000000000018e-05,0.0,7.4
226.75,0.08958538493740448,30.612885641118694,0.0,1.0000000000000018e-05,0.0,7.4
227.0,0.08979349837860265,30.528106676439762,0.0,1.0000000000000018e-05,0.0,7.4
227.25,0.09000071443628783,30.44632510616917,0.0,1.0000000000000018e-05,0.0,7.4
227.5,0.09020688761991512,30.367576666035912,0.0,1.0000000000000018e-05,0.0,7.4
227.75,0.09041187286449326,30.29189412585079,0.0,1.0000000000000018e-05,0.0,7.4
228.0,0.0906155256460133,30.219307271269855,0.0,1.0000000000000018e-05,0.0,7.4
228.25,0.09081770209668338,30.14984288826719,0.0,1.0000000000000018e-05,0.0,7.4
228.5,0.09101825911987352,30.08352475032712,0.0,1.0000000000000018e-05,0.0,7.4
228.75,0.09121705450467313,30.020373608364334,0.0,1.0000000000000018e-05,0.0,7.4
229.0,0.09141394703996464,29.960407183376788,0.0,1.0000000000000018e-05,0.0,7.4
229.25,0.09160879662791782,29.903640161835334,0.0,1.0000000000000018e-05,0.0,7.4
229.5,0.09180146439680775,29.850084193810055,0.0,1.0000000000000018e-05,0.0,7.4
229.75,0.09199181281306139,29.799747893831942,0.0,1.0000000000000018e-05,0.0,7.4
230.0,0.09217970579243842,29.75263684448585,0.0,1.0000000000000018e-05,0.0,7.4
230.25,0.09236500881025092,29.708753602727903,0.0,1.0000000000000018e-05,0.0,7.4
230.5,0.09254758901052915,29.668097708918467,0.0,1.0000000000000018e-05,0.0,7.4
230.75,0.09272731531403973,29.630665698559238,0.0,1.0000000000000018e-05,0.0,7.4
231.0,0.09290405852506509,29.59645111672079,0.0,1.0000000000000018e-05,0.0,7.4
231.25,0.09307769143685224,29.56544453514423,0.0,1.0000000000000018e-05,0.0,7.4
231.5,0.09324808893564125,29.537633571998576,0.0,1.0000000000000018e-05,0.0,7.4
231.75,0.09341512810318439,29.513002914272732,0.0,1.0000000000000018e-05,0.0,7.4
232.0,0.09357868831766772,29.491534342779097,0.0,1.0000000000000018e-05,0.0,7.4
232.25,0.0937386513529491,29.473206759743054,0.0,1.0000000000000018e-05,0.0,7.4
232.5,0.09389490147602705,29.457996218950587,0.0,1.0000000000000018e-05,0.0,7.4
232.75,0.09404732554265625,29.445875958424118,0.0,1.0000000000000018e-05,0.0,7.4
233.0,0.094195813091028,29.4368164355939,0.0,1.0000000000000018e-05,0.0,7.4
233.25,0.09434025643343404,29.430785364930607,0.0,1.0000000000000018e-05,0.0,7.4
233.5,0.09448055074583515,29.427747758002766,0.0,1.0000000000000018e-05,0.0,7.4
233.75,0.09461659415525625,29.42766596591948,0.0,1.0000000000000018e-05,0.0,7.4
234.0,0.09474828782493268,29.430499724118338,0.0,1.0000000000000018e-05,0.0,7.4
234.25,0.0948755360371335,29.436206199454716,0.0,1.0000000000000018e-05,0.0,7.4
234.5,0.0949982462735896,29.444740039548293,0.0,1.0000000000000018e-05,0.0,7.4
234.75,0.0951163292934567,29.456053424338972,0.0,1.0000000000000018e-05,0.0,7.4
235.0,0.0952296992087446,29.47009611980383,0.0,1.0000000000000018e-05,0.0,7.4
235.25,0.0953382735571471,29.486815533784057,0.0,1.0000000000000018e-05,0.0,7.4
235.5,0.0954419733722082,29.506156773869144,0.0,1.0000000000000018e-05,0.0,7.4
235.75,0.09554072325076327,29.528062707283873,0.0,1.0000000000000018e-05,0.0,7.4
236.0,0.09563445141759484,29.552474022721945,0.0,1.0000000000000018e-05,0.0,7.4
236.25,0.0957230897872469,29.579329294068245,0.0,1.0000000000000018e-05,0.0,7.4
236.5,0.09580657402294171,29.608565045949977,0.0,1.0000000000000018e-05,0.0,7.4
236.75,0.09588484359254729,29.640115821055804,0.0,1.0000000000000018e-05,0.0,7.4
237.0,0.09595784182154503,29.673914249159825,0.0,1.0000000000000018e-05,0.0,7.4
237.25,0.09602551594295049,29.709891117786718,0.0,1.0000000000000018e-05,0.0,7.4
237.5,0.09608781714414188,29.747975444451797,0.0,1.0000000000000018e-05,0.0,7.4
237.75,0.0961447006105536,29.788094550409305,0.0,1.0000000000000018e-05,0.0,7.4
238.0,0.09619612556619518,29.830174135840725,0.0,1.0000000000000018e-05,0.0,7.4
238.25,0.09624205531095881,29.874138356413187,0.0,1.0000000000000018e-05,0.0,7.4
238.5,0.09628245725468004,29.919909901137274,0.0,1.0000000000000018e-05,0.0,7.4
238.75,0.0963173029479207,29.967410071452775,0.0,1.0000000000000018e-05,0.0,7.4
239.0,0.09634656810944404,30.01655886146893,0.0,1.0000000000000018e-05,0.0,7.4
239.25,0.09637023265035681,30.06727503928527,0.0,1.0000000000000018e-05,0.0,7.4
239.5,0.09638828069489372,30.119476229318792,0.0,1.0000000000000018e-05,0.0,7.4
239.75,0.09640070059782457,30.17307899556082,0.0,1.0000000000000018e-05,0.0,7.4
240.0,0.09640748495846524,30.227998925688006,0.0,1.0000000000000018e-05,0.0,7.4
240.25,0.09640863063127797,30.28415071594946,0.0,1.0000000000000018e-05,0.0,7.4
240.5,0.09640413873304926,30.341448256752816,0.0,1.0000000000000018e-05,0.0,7.4
240.75,0.09639401464663468,30.39980471887011,0.0,1.0000000000000018e-05,0.0,7.4
241.0,0.09637826802126634,30.45913264018518,0.0,1.0000000000000018e-05,0.0,7.4
241.25,0.09635691276941713,30.519344012902472,0.0,1.0000000000000018e-05,0.0,7.4
241.5,0.09632996706022344,30.580350371138277,0.0,1.0000000000000018e-05,0.0,7.4
241.75,0.09629745330946676,30.64206287881366,0.0,1.0000000000000018e-05,0.0,7.4
242.0,0.09625939816612085,30.704392417768993,0.0,1.0000000000000018e-05,0.0,7.4
242.25,0.09621583249547173,30.76724967601984,0.0,1.0000000000000018e-05,0.0,7.4
242.5,0.096166791358822,30.83054523607342,0.0,1.0000000000000018e-05,0.0,7.4
242.75,0.09611231398979327,30.894189663225138,0.0,1.0000000000000018e-05,0.0,7.4
243.0,0.09605244376724319,30.958093593754807,0.0,1.0000000000000018e-05,0.0,7.4
243.25,0.09598722818481766,31.022167822942087,0.0,1.0000000000000018e-05,0.0,7.4
243.5,0.09591671881715967,31.08632339282106,0.0,1.0000000000000018e-05,0.0,7.4
243.75,0.09584097128280097,31.150471679594162,0.0,1.0000000000000018e-05,0.0,7.4
244.0,0.09576004520376442,31.2145244806255,0.0,1.0000000000000018e-05,0.0,7.4
244.25,0.09567400416190784,31.278394100935294,0.0,1.0000000000000018e-05,0.0,7.4
244.5,0.09558291565204369,31.341993439115925,0.0,1.0000000000000018e-05,0.0,7.4
244.75,0.09548685103187046,31.405236072592032,0.0,1.0000000000000018e-05,0.0,7.4
245.0,0.09538588546875539,31.468036342147236,0.0,1.0000000000000018e-05,0.0,7.4
245.25,0.09528009788341006,31.530309435640568,0.0,1.0000000000000018e-05,0.0,7.4
245.5,0.0951695708905041,31.591971470836665,0.0,1.0000000000000018e-05,0.0,7.4
245.75,0.09505439073626301,31.652939577274836,0.0,1.0000000000000018e-05,0.0,7.4
246.0,0.09493464723310123,31.713131977102357,0.0,1.0000000000000018e-05,0.0,7.4
246.25,0.09481043369134128,31.77246806479922,0.0,1.0000000000000018e-05,0.0,7.4
246.5,0.0946818468480748,31.830868485721705,0.0,1.0000000000000018e-05,0.0,7.4
246.75,0.09454898679322235,31.888255213393844,0.0,1.0000000000000018e-05,0.0,7.4
247.0,0.09441195689285128,31.94455162547662,0.0,1.0000000000000018e-05,0.0,7.4
247.25,0.09427086370981352,31.999682578346594,0.0,1.0000000000000018e-05,0.0,7.4
247.5,0.0941258169217684,32.053574480215865,0.0,1.0000000000000018e-05,0.0,7.4
247.75,0.09397692923665583,32.10615536272775,0.0,1.0000000000000018e-05,0.0,7.4
248.0,0.09382431630568912,32.157354950963075,0.0,1.0000000000000018e-05,0.0,7.4
248.25,0.0936680966339378,32.207104731794274,0.0,1.0000000000000018e-05,0.0,7.4
248.5,0.09350839148857362,32.25533802052499,0.0,1.0000000000000018e-05,0.0,7.4
248.75,0.09334532480485468,32.3019900257555,0.0,1.0000000000000018e-05,0.0,7.4
249.0,0.0931790230899236,32.34699791241505,0.0,1.0000000000000018e-05,0.0,7.4
249.25,0.0930096153244992,32.3903008629044,0.0,1.0000000000000018e-05,0.0,7.4
249.5,0.09283723286254195,32.431840136293495,0.0,1.0000000000000018e-05,0.0,7.4
249.75,0.0926620093289753,32.47155912552062,0.0,1.0000000000000018e-05,0.0,7.4
250.0,0.09248408051554635,32.50940341254172,0.0,1.0000000000000018e-05,0.0,7.4
250.25,0.09230358427491213,32.54532082138017,0.0,1.0000000000000018e-05,0.0,7.4
250.5,0.09212066041303768,32.57926146902898,0.0,1.0000000000000018e-05,0.0,7.4
250.75,0.09193545057999512,32.611177814160044,0.0,1.0000000000000018e-05,0.0,7.4
251.0,0.09174809815925243,32.64102470359621,0.0,1.0000000000000018e-05,0.0,7.4
251.25,0.09155874815554439,32.668759416504535,0.0,1.0000000000000018e-05,0.0,7.4
251.5,0.09136754708141695,32.69434170627103,0.0,1.0000000000000018e-05,0.0,7.4
251.75,0.09117464284253898,32.71773384001925,0.0,1.0000000000000018e-05,0.0,7.4
252.0,0.09098018462187592,32.738900635737195,0.0,1.0000000000000018e-05,0.0,7.4
252.25,0.09078432276282064,32.75780949697919,0.0,1.0000000000000018e-05,0.0,7.4
252.5,0.0905872086513782,32.774430445111946,0.0,1.0000000000000018e-05,0.0,7.4
252.75,0.0903889945975016,32.788736149075326,0.0,1.0000000000000018e-05,0.0,7.4
253.0,0.09018983371567668,32.8007019526318,0.0,1.0000000000000018e-05,0.0,7.4
253.25,0.08998987980485447,32.81030589907972,0.0,1.0000000000000018e-05,0.0,7.4
253.5,0.08978928722783058,32.81752875340884,0.0,1.0000000000000018e-05,0.0,7.4
253.75,0.08958821079017087,32.82235402187774,0.0,1.0000000000000018e-05,0.0,7.4
254.0,0.0893868056187843,32.82476796899646,0.0,1.0000000000000018e-05,0.0,7.4
254.25,0.0891852270402424,32.824759631898516,0.0,1.0000000000000018e-05,0.0,7.4
254.5,0.08898363045894658,32.82232083209018,0.0,1.0000000000000018e-05,0.0,7.4
254.75,0.088782171235244,32.817446184566464,0.0,1.0000000000000018e-05,0.0,7.4
255.0,0.08858100456359241,32.810133104285704,0.0,1.0000000000000018e-05,0.0,7.4
255.25,0.0883802853508757,32.80038180999752,0.0,1.0000000000000018e-05,0.0,7.4
255.5,0.08818016809496965,32.788195325420624,0.0,1.0000000000000018e-05,0.0,7.4
255.75,0.08798080676365919,32.77357947776991,0.0,1.0000000000000018e-05,0.0,7.4
256.0,0.08778235467400732,32.75654289363449,0.0,1.0000000000000018e-05,0.0,7.4
256.25,0.08758496437227477,32.7370969922102,0.0,1.0000000000000018e-05,0.0,7.4
256.5,0.0873887875144908,32.715255975893804,0.0,1.0000000000000018e-05,0.0,7.4
256.75,0.08719397474777317,32.69103681824684,0.0,1.0000000000000018e-05,0.0,7.4
257.0,0.08700067559249557,32.66445924934069,0.0,1.0000000000000018e-05,0.0,7.4
257.25,0.08680903832540043,32.63554573849635,0.0,1.0000000000000018e-05,0.0,7.4
257.5,0.08661920986375331,32.60432147443469,0.0,1.0000000000000018e-05,0.0,7.4
257.75,0.08643133565063438,32.57081434285531,0.0,1.0000000000000018e-05,0.0,7.4
258.0,0.08624555954146285,32.535054901464754,0.0,1.0000000000000018e-05,0.0,7.4
258.25,0.08606202369184686,32.49707635247654,0.0,1.0000000000000018e-05,0.0,7.4
258.5,0.08588086844685239,32.456914512608556,0.0,1.0000000000000018e-05,0.0,7.4
258.75,0.08570223223178225,32.414607780604726,0.0,1.0000000000000018e-05,0.0,7.4
259.0,0.08552625144455489,32.37019710231078,0.0,1.0000000000000018e-05,0.0,7.4
259.25,0.08535306034977302,32.32372593333588,0.0,1.0000000000000018e-05,0.0,7.4
259.5,0.08518279097456795,32.27524019933406,0.0,1.0000000000000018e-05,0.0,7.4
259.75,0.08501557300630634,32.2247882539414,0.0,1.0000000000000018e-05,0.0,7.4
260.0,0.08485153369224346,32.17242083440766,0.0,1.0000000000000018e-05,0.0,7.4
260.25,0.08469079774120558,32.118191014962065,0.0,1.0000000000000018e-05,0.0,7.4
260.5,0.08453348722738187,32.062154157955874,0.0,1.0000000000000018e-05,0.0,7.4
260.75,0.0843797214963057,32.00436786282623,0.0,1.0000000000000018e-05,0.0,7.4
261.0,0.08422961707310181,31.944891912927346,0.0,1.0000000000000018e-05,0.0,7.4
261.25,0.08408328757307473,31.883788220277378,0.0,1.0000000000000018e-05,0.0,7.4
261.5,0.08394084361471246,31.821120768271044,0.0,1.0000000000000018e-05,0.0,7.4
261.75,0.08380239273517505,31.756955552409913,0.0,1.0000000000000018e-05,0.0,7.4
262.0,0.08366803930833887,31.691360519104446,0.0,1.0000000000000018e-05,0.0,7.4
262.25,0.08353788446546233,31.624405502602418,0.0,1.0000000000000018e-05,0.0,7.4
262.5,0.08341202601853817,31.5561621601021,0.0,1.0000000000000018e-05,0.0,7.4
262.75,0.08329055838639426,31.486703905107785,0.0,1.0000000000000018e-05,0.0,7.4
263.0,0.08317357252360387,31.416105839088843,0.0,1.0000000000000018e-05,0.0,7.4
263.25,0.08306115585226151,31.344444681504044,0.0,1.0000000000000018e-05,0.0,7.4
263.5,0.0829533921966811,31.271798698254155,0.0,1.0000000000000018e-05,0.0,7.4
263.75,0.08285036172106806,31.198247628628327,0.0,1.0000000000000018e-05,0.0,7.4
264.0,0.0827521408702158,31.123872610809634,0.0,1.0000000000000018e-05,0.0,7.4
264.25,0.08265880231327416,31.048756106008113,0.0,1.0000000000000018e-05,0.0,7.4
264.5,0.08257041489063499,30.972981821289054,0.0,1.0000000000000018e-05,0.0,7.4
264.75,0.08248704356397625,30.896634631167323,0.0,1.0000000000000018e-05,0.0,7.4
265.0,0.08240874936950567,30.81980049803809,0.0,1.0000000000000018e-05,0.0,7.4
265.25,0.08233558937443898,30.742566391516416,0.0,1.0000000000000018e-05,0.0,7.4
265.5,0.08226761663674848,30.66502020675845,0.0,1.0000000000000018e-05,0.0,7.4
265.75,0.08220488016821217,30.58725068183851,0.0,1.0000000000000018e-05,0.0,7.4
266.0,0.0821474249007923,30.509347314256516,0.0,1.0000000000000018e-05,0.0,7.4
266.25,0.08209529165636885,30.431400276651882,0.0,1.0000000000000018e-05,0.0,7.4
266.5,0.08204851711985063,30.3535003317996,0.0,1.0000000000000018e-05,0.0,7.4
266.75,0.08200713381568434,30.275738746966134,0.0,1.0000000000000018e-05,0.0,7.4
267.0,0.08197117008777784,30.198207207702133,0.0,1.0000000000000018e-05,0.0,7.4
267.25,0.08194065008285223,30.120997731150577,0.0,1.0000000000000018e-05,0.0,7.4
267.5,0.08191559373723376,30.044202578948497,0.0,1.0000000000000018e-05,0.0,7.4
267.75,0.08189601676709371,29.967914169801436,0.0,1.0000000000000018e-05,0.0,7.4
268.0,0.08188193066214156,29.89222499180971,0.0,1.0000000000000018e-05,0.0,7.4
268.25,0.08187334268277378,29.817227514626055,0.0,1.0000000000000018e-05,0.0,7.4
268.5,0.0818702558606776,29.743014101524253,0.0,1.0000000000000018e-05,0.0,7.4
268.75,0.0818726690028864,29.669676921458436,0.0,1.0000000000000018e-05,0.0,7.4
269.0,0.0818805766992797,29.597307861192732,0.0,1.0000000000000018e-05,0.0,7.4
269.25,0.08189396933351928,29.52599843758098,0.0,1.0000000000000018e-05,0.0,7.4
269.5,0.08191283309740771,29.45583971007641,0.0,1.0000000000000018e-05,0.0,7.4
269.75,0.08193715000865576,29.386922193550003,0.0,1.0000000000000018e-05,0.0,7.4
270.0,0.08196689793203865,29.319335771497133,0.0,1.0000000000000018e-05,0.0,7.4
270.25,0.08200205060392175,29.253169609711232,0.0,1.0000000000000018e-05,0.0,7.4
270.5,0.0820425776601309,29.188512070502803,0.0,1.0000000000000018e-05,0.0,7.4
270.75,0.08208844466714087,29.125450627541333,0.0,1.0000000000000018e-05,0.0,7.4
271.0,0.0821396131565523,29.064071781398223,0.0,1.0000000000000018e-05,0.0,7.4
271.25,0.08219604066282513,29.00446097586674,0.0,1.0000000000000018e-05,0.0,7.4
271.5,0.08225768076423311,28.94670251513533,0.0,1.0000000000000018e-05,0.0,7.4
271.75,0.08232448312700136,28.890879481889996,0.0,1.0000000000000018e-05,0.0,7.4
272.0,0.08239639355258727,28.83707365641937,0.0,1.0000000000000018e-05,0.0,7.4
272.25,0.08247335402806058,28.78536543679719,0.0,1.0000000000000018e-05,0.0,7.4
272.5,0.08255530277953758,28.735833760213684,0.0,1.0000000000000018e-05,0.0,7.4
272.75,0.08264217432862067,28.688556025528722,0.0,1.0000000000000018e-05,0.0,7.4
273.0,0.08273389955179254,28.643608017116215,0.0,1.0000000000000018e-05,0.0,7.4
273.25,0.08283040574271155,28.601063830070125,0.0,1.0000000000000018e-05,0.0,7.4
273.5,0.08293161667735217,28.560995796839546,0.0,1.0000000000000018e-05,0.0,7.4
273.75,0.08303745268193313,28.523474415360653,0.0,1.0000000000000018e-05,0.0,7.4
274.0,0.08314783070357147,28.48856827875034,0.0,1.0000000000000018e-05,0.0,7.4
274.25,0.08326266438360036,28.456344006626466,0.0,1.0000000000000018e-05,0.0,7.4
274.5,0.0833818641334857,28.426866178117315,0.0,1.0000000000000018e-05,0.0,7.4
274.75,0.08350533721327395,28.400197266621593,0.0,1.0000000000000018e-05,0.0,7.4
275.0,0.08363298781250161,28.37639757637878,0.0,1.0000000000000018e-05,0.0,7.4
275.25,0.08376471713349547,28.35552518090814,0.0,1.0000000000000018e-05,0.0,7.4
275.5,0.08390042347698924,28.337635863372846,0.0,1.0000000000000018e-05,0.0,7.4
275.75,0.08404000232998289,28.32278305892413,0.0,1.0000000000000018e-05,0.0,7.4
276.0,0.08418334645576526,28.311017799078396,0.0,1.0000000000000018e-05,0.0,7.4
276.25,0.08433034598602268,28.302388658178845,0.0,1.0000000000000018e-05,0.0,7.4
276.5,0.08448088851495217,28.296941701990857,0.0,1.0000000000000018e-05,0.0,7.4
276.75,0.0846348591952969,28.294720438478773,0.0,1.0000000000000018e-05,0.0,7.4
277.0,0.08479214083621955,28.29576577080984,0.0,1.0000000000000018e-05,0.0,7.4
277.25,0.08495261400292915,28.300115952628392,0.0,1.0000000000000018e-05,0.0,7.4
277.5,0.08511615711797324,28.307806545643018,0.0,1.0000000000000018e-05,0.0,7.4
277.75,0.08528264656410796,28.318870379565034,0.0,1.0000000000000018e-05,0.0,7.4
278.0,0.0854519567886559,28.333337514436764,0.0,1.0000000000000018e-05,0.0,7.4
278.25,0.08562396040926197,28.3512352053845,0.0,1.0000000000000018e-05,0.0,7.4
278.5,0.08579852832095385,28.372587869829605,0.0,1.0000000000000018e-05,0.0,7.4
278.75,0.08597552980441583,28.397417057188648,0.0,1.0000000000000018e-05,0.0,7.4
279.0,0.08615483263538096,28.42574142109178,0.0,1.0000000000000018e-05,0.0,7.4
279.25,0.08633630319504736,28.457576694145473,0.0,1.0000000000000018e-05,0.0,7.4
279.5,0.08651980658142308,28.492935665264444,0.0,1.0000000000000018e-05,0.0,7.4
279.75,0.08670520672150304,28.531828159594838,0.0,1.0000000000000018e-05,0.0,7.4
280.0,0.08689236648418186,28.57426102104788,0.0,1.0000000000000018e-05,0.0,7.4
