time,X1,X2,S1,S2,Z,C,qm,qc
1.0,0.7522577071467489,0.3212871698955227,1.0133023184522332,1.5345532080740465,1e-05,105.78179453054516,3.4019905526530962,0.9976777717136515
2.0,0.7521790405097426,0.3212495573835537,1.013835768615891,1.5354340187307878,1e-05,105.76983631007424,3.4109773523202005,1.0001392500000377
3.0,0.7520575754249237,0.321192751633245,1.0144481259228615,1.5364732186965742,1e-05,105.75187996911352,3.421443212282178,1.0029554102267728
4.0,0.7518929542730094,0.3211165636182367,1.0151618487402108,1.5376797819018588,1e-05,105.72794074942,3.43347791083162,1.0061514600209323
5.0,0.7516855969966264,0.3210211915543526,1.0159763485184121,1.5390494892570146,1e-05,105.69815359295262,3.4470340385594103,1.0097140946077954
6.0,0.7514364512490903,0.32090701568931157,1.0168790063493025,1.5405908172722673,1e-05,105.66271654266255,3.4622005154542186,1.0136701255517584
7.0,0.751147075666315,0.3207748160306078,1.0178659403403023,1.5422762910617998,1e-05,105.62193805426637,3.4786876343014987,1.0179379373200168
8.0,0.750818767838751,0.32062512577321955,1.0189398964970076,1.544114169693914,1e-05,105.57605786226183,3.4965827385713624,1.0225442188208194
9.0,0.750453181744908,0.3204586735756363,1.0200991698553374,1.5461018488413407,1e-05,105.52537138189116,3.515859284843341,1.0274832769337554
10.0,0.7500528367974497,0.32027660283628573,1.02132527618355,1.5482263997569858,1e-05,105.47030091578861,3.5363855362952283,1.0327205910994843
11.0,0.7496191832721306,0.3200795218701007,1.022645725506918,1.5504937416954243,1e-05,105.41109594048417,3.558223674679946,1.038275514225689
12.0,0.7491546698106977,0.3198684724883471,1.0240481708023035,1.5529099265424873,1e-05,105.34814581299263,3.581441553454985,1.0441707140372298
13.0,0.7486620330702037,0.31964468941048413,1.0255280787249201,1.5554628630673049,1e-05,105.2818891633104,3.6059170376936414,1.0503747059959092
14.0,0.7481442055574075,0.31940946191913466,1.0270832166387678,1.5581486546889394,1e-05,105.21278033457912,3.631615626201369,1.0568816026738366
15.0,0.7476043659150562,0.31916418604750496,1.0287113074302066,1.5609634714970417,1e-05,105.14130270405536,3.658504996000123,1.063686634092379
16.0,0.7470459327418079,0.3189103627547175,1.0304099760761318,1.5639033191833984,1e-05,105.06796760867634,3.6865526747443647,1.0707854975962037
17.0,0.7464725552234737,0.3186495939323261,1.032176739485385,1.5669640177372608,1e-05,104.99331265418091,3.7157259134870184,1.0781743347446058
18.0,0.7458881015628182,0.3183835774464981,1.0340089958531815,1.5701411821157385,1e-05,104.91789972007713,3.7459915710481795,1.085849707193194
19.0,0.7452966451984601,0.3181141012250737,1.0359040131418353,1.5734302013210393,1e-05,104.84231266699103,3.7773159706944033,1.0938085599544496
20.0,0.7447016253462112,0.31784257595458076,1.0378877472977817,1.5768536761699021,1e-05,104.76701779202054,3.8099467271834024,1.1021269289572755
21.0,0.7441089983667972,0.3175718017993079,1.0399009582068188,1.580355080176203,1e-05,104.69289207100874,3.8433201356221405,1.1106546755583258
22.0,0.743522714691043,0.3173034363310254,1.0419672339067991,1.5839504086264033,1e-05,104.62045990862296,3.877620301064494,1.119451221490374
23.0,0.7429474759989365,0.3170395358288722,1.044083735042377,1.5876363240174094,1e-05,104.55036079691192,3.9128345236208375,1.1285215458143731
24.0,0.7423881007452766,0.3167822173777702,1.0462469038204791,1.5914067973435087,1e-05,104.48324428892455,3.9489240697019974,1.1378637116961852
25.0,0.7418494860558017,0.3165336337985445,1.0484529712510733,1.595255387653583,1e-05,104.41976257578251,3.985847847975135,1.1474755565212458
26.0,0.7413365801594605,0.31629596152542794,1.0506979578885178,1.5991752791735687,1e-05,104.36056643286922,4.023562740544704,1.1573547492447704
27.0,0.7408543537154131,0.31607138819835084,1.0529776677506268,1.6031592661072696,1e-05,104.30630110469998,4.062023365190033,1.1674986798616176
28.0,0.7404077700858803,0.3158620997776649,1.0552876832234732,1.6071997426210571,1e-05,104.25760209284475,4.101181864745934,1.1779043501263005
29.0,0.7400017547696659,0.31567026727954994,1.0576233625567135,1.6112886967092042,1e-05,104.21509088210722,4.140987708713288,1.188568261228064
30.0,0.7396411642497959,0.31549803324682013,1.0599798404732959,1.6154177067212057,1e-05,104.1793706452653,4.181387493687526,1.1994862946971911
31.0,0.7393307545648576,0.3153474980633648,1.0623520304543668,1.6195779476116179,1e-05,104.15102196752673,4.222324814973505,1.210653607184005
32.0,0.739075149813824,0.3152207062367482,1.0647346316847979,1.623760197978468,1e-05,104.13059863038137,4.263740116890091,1.2220645130748622
33.0,0.7388788109304175,0.31511963276693483,1.0671221384045582,1.6279548554274597,1e-05,104.11862349846811,4.3055706000796885,1.2337123774746634
34.0,0.7387460049799103,0.3150461697209378,1.0695088528244758,1.6321519576165209,1e-05,104.11558454910589,4.347750159314956,1.2455895124156298
35.0,0.7386807752502028,0.3150021131344811,1.0718889017232593,1.6363412081987394,1e-05,104.12193108475357,4.390209345325122,1.257687074976067
36.0,0.7386869124292881,0.31498915035137137,1.0742562556009654,1.6405120120280354,1e-05,104.1380701667227,4.432875397581291,1.2699949811935498
37.0,0.7387679270783739,0.31500884791577877,1.0766047522230042,1.6446535131332414,1e-05,104.16436330491709,4.475672284044072,1.28250181839328
38.0,0.7389270236819425,0.3150626401215638,1.0789281227017504,1.648754640321748,1e-05,104.20112343850174,4.518520801298792,1.2951947719037393
39.0,0.7391672076477425,0.3151519916150487,1.0811844683609246,1.652772995850582,1e-05,104.24865452712164,4.561021672803584,1.307970604053243
40.0,0.7394898084807201,0.31527731989297636,1.0834369302255276,1.6567515737251628,1e-05,104.30695120779265,4.6036366572472796,1.32096462670441
41.0,0.7398979698154029,0.31544008840442694,1.0856472666326822,1.6606643987719667,1e-05,104.37632292511226,4.646135310068992,1.3341216591561755
42.0,0.7403935026664924,0.3156411576751499,1.0878070948584067,1.664491828947833,1e-05,104.45687907152204,4.688343573244065,1.3473992417620737
43.0,0.7409777663687831,0.3158811615288103,1.0899100553072116,1.6682223573017205,1e-05,104.54865741978766,4.730167179441215,1.3607762447309895
44.0,0.7416517014667054,0.3161605503951114,1.091949931614315,1.6718448370404237,1e-05,104.65163627787166,4.771512259276861,1.3742305362798954
45.0,0.7424158207200557,0.31647958789295166,1.0939206486113207,1.675348349421977,1e-05,104.76573443580287,4.812283653006385,1.3877384217701854
46.0,0.7432702018682458,0.3168383474339112,1.0958163110582528,1.6787222710724137,1e-05,104.89081123242289,4.852385276335002,1.401274666270109
47.0,0.744214483131825,0.3172367100017695,1.097631242624731,1.681956345018549,1e-05,105.02666703275807,4.891720556681454,1.414812545669445
48.0,0.7452478614712533,0.31767436313496555,1.0993600240445118,1.685040750554119,1e-05,105.17304411308807,4.930192895951566,1.4283239153462743
49.0,0.7463690935855122,0.3181508011089708,1.1009975297926313,1.6879661707216325,1e-05,105.32962794197826,4.967706152672424,1.441779295638217
50.0,0.7475764996083196,0.318665326303279,1.1025389626786128,1.69072385658831,1e-05,105.49604884100835,5.004165139736247,1.4551479742182887
51.0,0.7488679694220339,0.31921705172100634,1.1039798864302375,1.6933056875845334,1e-05,105.671884003257,5.039476134062925,1.4683981253198228
52.0,0.7502409715177056,0.3198049046345905,1.1053162550087323,1.6957042266745526,1e-05,105.85665984869433,5.073547388701023,1.4814969440121706
53.0,0.7516925642746471,0.3204276313033785,1.1065444390089276,1.6979127701347467,1e-05,106.04985468698919,5.106289646970425,1.4944107960335165
54.0,0.7532194095371412,0.3210838027132168,1.1076612485291564,1.699925391052183,1e-05,106.25090165958255,5.137616650585607,1.5071053813549118
55.0,0.7548177883453991,0.3217718212771041,1.1086639521382773,1.7017369762286607,1e-05,106.45919192955795,5.167445638467629,1.5195459107660074
56.0,0.7564836186449704,0.32248992842189383,1.1095502924276828,1.7033432561126314,1e-05,106.67407808390911,5.195697831110442,1.5316972939674365
57.0,0.758212474827616,0.3232362129995919,1.1103184969256705,1.7047408271046505,1e-05,106.89487771733003,5.222298891718441,1.5435243364489888
58.0,0.7599996088992998,0.32400862043304873,1.1109672852593124,1.7059271666046945,1e-05,107.12087715875508,5.247179364543119,1.5549919447172698
59.0,0.7618399730945521,0.3248049625187572,1.1114958721602304,1.7069006404552571,1e-05,107.3513353067464,5.2702750827669815,1.5660653369501145
60.0,0.763728243743528,0.32562292780145624,1.1119039662944197,1.7076605030803425,1e-05,107.58548753842918,5.29152754407762,1.576710257571557
61.0,0.7656588461782133,0.32646009242723156,1.112191765655644,1.7082068904466383,1e-05,107.82254965545008,5.310884249453614,1.5868931932262167
62.0,0.7676259805021678,0.32731393139873327,1.1123599486659408,1.708540805857791,1e-05,108.06172183682582,5.328298999147278,1.5965815870762696
63.0,0.7696236480037875,0.3281818301337995,1.1124096620933726,1.7086640994058262,1e-05,108.302192563387,5.3437321475794475,1.6057440503090785
64.0,0.7716456780266218,0.3290610962457658,1.1123425056481844,1.7085794412569595,1e-05,108.54314248517892,5.357150812058657,1.6143505677005325
65.0,0.7736857551064369,0.3299489714601556,1.1121605135262178,1.7082902894609429,1e-05,108.78374820364263,5.3685290353954915,1.6223726954493862
66.0,0.7757374461818884,0.3308426435820286,1.1118661335863493,1.7078008527596238,1e-05,109.02318594185964,5.377847900207824,1.6297837487316715
67.0,0.7777942277187226,0.33173925844261387,1.1114622038419821,1.707116048871926,1e-05,109.26063508197413,5.385095593046097,1.636558976534747
68.0,0.7798495125675783,0.3326359317436598,1.1109519271873651,1.7062414591544053,1e-05,109.49528154754722,5.390267421026981,1.6426757226008186
69.0,0.7818966764068415,0.333529760733149,1.1103388444390319,1.7051832801131512,1e-05,109.7263210145693,5.393365779762444,1.6481135702390566
70.0,0.7839290836264546,0.3344178356470631,1.1096268060909027,1.7039482724839075,1e-05,109.95296193655177,5.394400074389217,1.6528544697035505
71.0,0.7859401125221765,0.3352972508584307,1.1088199431476131,1.702543708429183,1e-05,110.17442837235697,5.393386594329968,1.6568828465796497
72.0,0.7879231796866224,0.33616511568175195,1.107922637272213,1.7009773175157128,1e-05,110.38996260859196,5.3903483443357825,1.6601856903246852
73.0,0.7898717634925095,0.3370185647850771,1.1069394906701746,1.6992572320828332,1e-05,110.5988275707516,5.385314834495381,1.662752622289584
74.0,0.7917794265825715,0.33785476817051324,1.1058752959398028,1.697391932548147,1e-05,110.80030902058644,5.378321831997281,1.6645759427608524
75.0,0.7936398372910795,0.3386709406887529,1.1047350062721795,1.6953901931265238,1e-05,110.9937175392697,5.369411077406736,1.6656506567285037
76.0,0.7954467899468668,0.33946435106427275,1.1035237059399026,1.69326102838401,1e-05,111.17839029977218,5.358629968453629,1.6659744783822015
77.0,0.7971943761717349,0.3402323986410272,1.102238832740235,1.691013081689493,1e-05,111.3537145697399,5.346026132919916,1.6655466870693463
78.0,0.798876346729915,0.34097237311662454,1.1008957329281093,1.6886446719181032,1e-05,111.51904467220804,5.331533841397343,1.6643316855563641
79.0,0.8004870104234353,0.34168168272813265,1.0995014570887813,1.6861873607902809,1e-05,111.67379289035473,5.315457985410915,1.6624092643649762
80.0,0.802020940836042,0.3423579710302153,1.0980574129029397,1.6836404922436603,1e-05,111.81743789392247,5.2977547786217825,1.6597543179230732
81.0,0.803472829640191,0.34299889624829877,1.09656886882709,1.6810132359571495,1e-05,111.9494704410464,5.2784910401315095,1.656376498734074
82.0,0.8048375898592097,0.34360221186293,1.0950411330117775,1.6783150207849986,1e-05,112.06941401506745,5.257740182469361,1.6522887921387575
83.0,0.80611036931245,0.34416577369297974,1.0934794702946977,1.675555202818301,1e-05,112.17682577544404,5.235578568261893,1.6475064201312828
84.0,0.8072865614994008,0.3446875447729603,1.091889082102054,1.6727430262632332,1e-05,112.27129695253997,5.212085036641091,1.642046697659417
85.0,0.8083618153906394,0.3451655997340186,1.090275089516799,1.6698875899790717,1e-05,112.3524531198292,5.187340461924405,1.6359288877226565
86.0,0.8093320442477041,0.3455981287314694,1.0886425167584126,1.6669978224134008,1e-05,112.41995436506828,5.161427379240709,1.6291740670681598
87.0,0.8101934334636153,0.3459834409540235,1.086996278010249,1.6640824545480297,1e-05,112.47349537333447,5.134429564553815,1.6218049684954037
88.0,0.8109424475489881,0.3463199677399482,1.0853411650809681,1.6611499986474327,1e-05,112.51280543822894,5.10643165940019,1.6138458287112212
89.0,0.8115758363059435,0.34660626532961647,1.0836818369661372,1.6582087298346222,1e-05,112.53764841360663,5.077518810509523,1.6053222334683963
90.0,0.8120906402560377,0.3468410172890038,1.0820228114030959,1.655266668944701,1e-05,112.54782261958538,5.047776310136002,1.596260956581133
91.0,0.8124841954225375,0.3470230366268738,1.0803684570616807,1.652331572251734,1e-05,112.54316071503015,5.01728930320733,1.586689814376297
92.0,0.8127541374819314,0.3471512676422805,1.0787229885334986,1.6494109199854274,1e-05,112.52352954666556,4.986142473379261,1.576637509204273
93.0,0.8128984053959167,0.3472247875283564,1.0770904620998873,1.6465119096395928,1e-05,112.48882998670919,4.954419778367342,1.566133484868845
94.0,0.8129152445638499,0.34724280775963123,1.075474773080397,1.6436414514273943,1e-05,112.4389967671142,4.922204207403936,1.5552077864175617
95.0,0.8128032095541461,0.3472046752892378,1.07387965455579,1.6408061656357331,1e-05,112.3739983186379,4.889577560401133,1.5438909250151764
96.0,0.8125611664722553,0.3471098735748698,1.0723086770269472,1.6380123835322757,1e-05,112.2938366209965,4.8566202696252025,1.5322137551399178
97.0,0.8121882949900774,0.34695802345577614,1.070765249637261,1.6352661487557898,1e-05,112.19854706880452,4.823411231082185,1.520207354602619
98.0,0.8116840900882998,0.3467488838950291,1.0692526221235212,1.6325732213658735,1e-05,112.08819835748274,4.790027671835934,1.507902916179282
99.0,0.811048363528115,0.3464823525996859,1.067773887760495,1.6299390830909648,1e-05,111.96289239090831,4.756545038109269,1.4953316466929374
100.0,0.8102812450771465,0.3461584665247796,1.066331986819189,1.6273689450750364,1e-05,111.82276421135751,4.723036919981295,1.4825246789124096
101.0,0.8093831834760989,0.34577740226744463,1.0649297112617528,1.6248677548632693,1e-05,111.6679819505795,4.689574976714338,1.4695129855152371
102.0,0.8083549471703659,0.34533947634892864,1.0635697093928782,1.6224402060506045,1e-05,111.49874680026167,4.656228902119658,1.4563273076601886
103.0,0.8071976247733208,0.34484514538023514,1.0622544911918332,1.6200907478592934,1e-05,111.31529299736609,4.62306639950904,1.4429980889793097
104.0,0.8059126252454326,0.3442950061035932,1.060986433907466,1.6178235948873927,1e-05,111.11788781965963,4.590153169324841,1.4295554161723787
105.0,0.8045016777701839,0.34368979529133614,1.0597677872376172,1.6156427397506143,1e-05,110.90683158436018,4.557552940197195,1.4160289757706062
106.0,0.8029668312389283,0.34303038949393433,1.0586006799449619,1.6135519605907107,1e-05,110.68245764192197,4.525327453096252,1.4024479994234227
107.0,0.8013104533668813,0.34231780460994715,1.057487124782861,1.6115548333378944,1e-05,110.44513235763847,4.493536509905009,1.3888412320060206
108.0,0.7995352293266342,0.34155319525687594,1.0564290240244039,1.6096547411223274,1e-05,110.19525506921545,4.4622380005565825,1.3752368961741148
109.0,0.7976441598597224,0.340737853918065,1.0554281745042429,1.6078548828986297,1e-05,109.93325801090359,4.431487931922461,1.3616626605714428
110.0,0.7956405588139757,0.3398732098290601,1.054486271411464,1.606158284999499,1e-05,109.65960619167102,4.401340499566387,1.348145624109753
111.0,0.7935280499684418,0.33896082758675244,1.0536049135429382,1.6045678039848792,1e-05,109.37479721525226,4.3718480722908115,1.3347122768797597
112.0,0.7913105631767737,0.3380024054389194,1.052785605501118,1.6030861357460195,1e-05,109.07936103178918,4.343061256376599,1.3213884883730536
113.0,0.7889923296680161,0.33699977322670077,1.052029760380619,1.6017158194598744,1e-05,108.77385960545888,4.315028911830635,1.3081994842206779
114.0,0.7865778764667564,0.3359548899499199,1.0513387013380364,1.6004592400276285,1e-05,108.45888648734326,4.287798161273105,1.295169823882559
115.0,0.7840720198755671,0.3348698409151631,1.050713661338816,1.5993186330892122,1e-05,108.13506627963028,4.261414436188198,1.2823233925569582
116.0,0.7814798578758422,0.3337468344538678,1.050155784212771,1.59829607927106,1e-05,107.80305397905026,4.235921413432998,1.2696833634643245
117.0,0.7788067615052284,0.3325881981698604,1.0496661218570233,1.5973935053132673,1e-05,107.46353419032528,4.2113610366229155,1.25727218867713
118.0,0.7760583650541792,0.33139637469773936,1.0492456318239536,1.5966126787177506,1e-05,107.11722019540794,4.187773474893239,1.2451115744277237
119.0,0.7732405550771003,0.33017391695277204,1.0488951734469107,1.5959552005719488,1e-05,106.76485287088424,4.1651970706282935,1.2332224564348644
120.0,0.7703594581917677,0.3289234828466427,1.0486155019898948,1.5954225003571616,1e-05,106.4071994433696,4.143668317141368,1.2216249871600913
121.0,0.7674214275676634,0.3276478294736745,1.0484072638747688,1.5950158199297428,1e-05,106.04505207582538,4.123221727460566,1.2103384944071507
122.0,0.7644330282051021,0.32634980674664965,1.048270988058746,1.5947362041360178,1e-05,105.67922628114422,4.103889783663426,1.1993814667692322
123.0,0.7614010209027855,0.32503235048650564,1.0482070778156571,1.5945844849921886,1e-05,105.31055915560414,4.08570282468159,1.1887715242237933
124.0,0.7583323449679414,0.32369847497098225,1.0482158011663218,1.594561264374882,1e-05,104.93990743204957,4.0686889262682735,1.178525389627329
125.0,0.7552340997010636,0.32235126494505656,1.0482972797419208,1.5946668981947416,1e-05,104.5681453511254,4.05287380408644,1.1686588697759719
126.0,0.7521135246378529,0.3209938671235267,1.048451478597109,1.594901471887598,1e-05,104.19616235272757,4.038280631451367,1.1591868148535809
127.0,0.7489779786967975,0.3196294811961551,1.0486781931058566,1.5952647817268644,1e-05,103.8248605931124,4.024929925440716,1.1501231001544163
128.0,0.7458349182188576,0.3182613503690578,1.048977036548946,1.5957563113525863,1e-05,103.45515229113087,4.012839387522028,1.1414805971470015
129.0,0.7426918740176961,0.3168927514771706,1.0493474270480911,1.5963752079805147,1e-05,103.08795691359188,4.002023745281248,1.133271146989584
130.0,0.7395564275379934,0.3155269847034685,1.0497885739681074,1.5971202600930354,1e-05,102.72419820927516,3.9924946124500753,1.1255055408800365
131.0,0.7364361861967508,0.31416736295997816,1.0502994654406546,1.5979898705876192,1e-05,102.3648011047757,3.9842603030872743,1.118193488891316
132.0,0.7333387580864521,0.31281720097303345,1.050878854775074,1.5989820348452028,1e-05,102.01068847775484,3.977325696658655,1.1113436039501687
133.0,0.7302717261194529,0.3114798041316763,1.0515252482034294,1.6000943171787558,1e-05,101.66277782287361,3.9716920837480885,1.1049633807181134
134.0,0.7272426217779387,0.31015845715836027,1.0522368932337594,1.6013238289531126,1e-05,101.32197783016639,3.967357024448047,1.0990591778279604
135.0,0.7242588986153591,0.3088564126632664,1.0530117680075943,1.6026672089441851,1e-05,100.98918489583271,3.9643142226201675,1.0936362037276468
136.0,0.7213279056563451,0.3075768796514801,1.0538475723136018,1.6041206045044996,1e-05,100.66527958789322,3.962553398886431,1.0886985008468997
137.0,0.7184568608728663,0.306323012047244,1.0547417198001003,1.6056796570350091,1e-05,100.35112309005777,3.9620601952120085,1.0842489364766084
138.0,0.7156528248832412,0.3050978973061219,1.0556913323974968,1.6073394898584228,1e-05,100.0475536479227,3.962816088817222,1.0802891936337067
139.0,0.7129226750479506,0.30390454518459076,1.0566932368612678,1.6090947001300717,1e-05,99.75538304314756,3.9647983292174973,1.0768197650931406
140.0,0.7102730801218955,0.30274587673832265,1.0577439639276742,1.6109393542851762,1e-05,99.4753931215981,3.9679798906777815,1.0738399479492593
141.0,0.7077104756392844,0.3016247136168601,1.058839749790365,1.6128669894043952,1e-05,99.20833240199013,3.9723294612637203,1.071347843884582
142.0,0.7052410401729481,0.3005437677238007,1.0599765408664032,1.6148706184945378,1e-05,98.95491279074234,3.977811446160018,1.0693403586748418
143.0,0.7028706726367179,0.2995056313081253,1.061150001452866,1.616942741738153,1e-05,98.71580642971092,3.984386003740114,1.0678132055269705
144.0,0.7006049707740181,0.29851276754959954,1.062355524624602,1.6190753635266746,1e-05,98.49164270194267,3.9920091108637243,1.0667609109887826
145.0,0.6984492109669689,0.2975675017013453,1.0635882467120326,1.62126001401122,1e-05,98.28300542048372,4.000632644032375,1.0661768197194748
146.0,0.6964083295215804,0.29667201284073247,1.0648430643555076,1.623487779588367,1e-05,98.090430223743,4.010204518986261,1.0660531092827017
147.0,0.6944869055094142,0.2958283262851518,1.0661146557959453,1.6257493365261524,1e-05,97.91440219860785,4.020668832204572,1.0663808000324209
148.0,0.6926891453073659,0.29503830671820697,1.0673975049310984,1.6280349920287966,1e-05,97.75535375286624,4.031966047142913,1.0671497715862504
149.0,0.6910188689171566,0.29430365206836095,1.0686859286026882,1.6303347309797631,1e-05,97.61366275462187,4.044033209424661,1.0683487819679687
150.0,0.689479498142757,0.29362588818016777,1.0699741070962907,1.632638266721637,1e-05,97.48965095552818,4.056804177503091,1.069965486317187
151.0,0.688074046719721,0.29300636430282073,1.0712561165137489,1.634935100192258,1e-05,97.3835827115426,4.070209913135778,1.071986467256159
152.0,0.6868051124065648,0.2924462494268649,1.0725259645426244,1.6372145803309157,1e-05,97.29566401177009,4.0841787671486856,1.0743972606809926
153.0,0.6856748711142122,0.291946529485554,1.0737776276833864,1.6394659701955405,1e-05,97.22604182528767,4.098636807445158,1.0771823900013553
154.0,0.6846847629121442,0.29150789844871366,1.0749938255965243,1.6416710535195762,1e-05,97.1747648698337,4.1134357475992624,1.0803060727968028
155.0,0.6838356095308823,0.2911307252728229,1.0761890854808973,1.6438266811362152,1e-05,97.14178187346306,4.128566617107508,1.083767581885342
156.0,0.6831290488825125,0.2908157334184848,1.0773505438044786,1.6459297819380276,1e-05,97.12716619132743,4.14402593278722,1.0875695593078807
157.0,0.682565606278218,0.2905632167544261,1.0784703511751637,1.6479627974401583,1e-05,97.13084285366196,4.159666701748107,1.0916755614175824
158.0,0.6821453380089051,0.2903732384864138,1.079542867730822,1.649915345976652,1e-05,97.15266637173556,4.175406514359773,1.0960650355591752
159.0,0.6818678845825734,0.2902456787443684,1.080562721569463,1.6517776715085577,1e-05,97.19243464905882,4.1911656453303365,1.1007173912568866
160.0,0.6817324801471873,0.2901802394173506,1.0815247912599701,1.653540445610992,1e-05,97.24989097437286,4.2068649612804965,1.1056114212971984
161.0,0.6817379624185174,0.29017644824494415,1.0824242410315412,1.6551948275766533,1e-05,97.32472588331336,4.22242628702906,1.1107253597335138
162.0,0.6818827842789266,0.2902336636200965,1.0832565553633806,1.6567325285130299,1e-05,97.41657927426515,4.237772844876279,1.1160369647652986
163.0,0.6821650269863339,0.29035108010821337,1.0840175708534603,1.6581458710692019,1e-05,97.5250427718586,4.2528296923065225,1.1215236081566051
164.0,0.6825824148826006,0.2905277346378937,1.0847035050340543,1.6594278438456431,1e-05,97.64966231728265,4.267524152437696,1.127162370442813
165.0,0.6831323314841368,0.29076251331476294,1.085310981757414,1.6605721498431802,1e-05,97.78994096296472,4.28178623358256,1.1329301415849806
166.0,0.6838118368243435,0.2910541588037109,1.0858370529722121,1.661573248416856,1e-05,97.9453418469987,4.295549034392838,1.1388037266110047
167.0,0.6846176859197295,0.2914012782256925,1.086279216554539,1.6624263902369703,1e-05,98.1152913225616,4.30874913052783,1.1447599555150212
168.0,0.685546348217436,0.29180235150822453,1.0866354301386454,1.6631276449915835,1e-05,98.2991822155173,4.321326939970445,1.1507757968202001
169.0,0.6865940278828631,0.2922557401290656,1.0869041208326657,1.663673921589149,1e-05,98.49637718349871,4.33322706344838,1.1568284738869001
170.0,0.6877566847838426,0.2927596961907461,1.0870841907519153,1.6640629808406266,1e-05,98.70621214943058,4.344398597610647,1.1628955831968117
171.0,0.6890300560182326,0.2933123717594719,1.0871750186057771,1.6642934405981082,1e-05,98.92799978158142,4.354795417712087,1.168955213437262
172.0,0.690409677847908,0.2939118284084162,1.0871764571255877,1.6643647734623856,1e-05,99.16103299455452,4.364376427194271,1.1749860642476926
173.0,0.69189090788533,0.29455604689731996,1.0870888267455692,1.6642772973847597,1e-05,99.40458844392154,4.373105772807286,1.1809675636455743
174.0,0.6934689473925538,0.2952429369264614,1.0869129056243945,1.664032159438563,1e-05,99.6579299896908,4.380953022995206,1.1868799827950196
175.0,0.6951388635538742,0.2959703469028288,1.0866499162225824,1.6636313132471852,1e-05,99.92031210453048,4.387893308854639,1.1927045470790916
176.0,0.6968956115808709,0.2967360736555415,1.0863015088818941,1.6630774904897714,1e-05,100.19098320335317,4.393907426036058,1.1984235420748877
177.0,0.6987340565296646,0.29753787204628646,1.0858697424121475,1.6623741670134002,1e-05,100.46918887425001,4.398981896930491,1.2040204132352121
178.0,0.7006489946991299,0.2983734644152554,1.085357062262647,1.6615255242142866,1e-05,100.75417499035701,4.403108993636172,1.2094798582943707
179.0,0.7026351744978193,0.299240549811693,1.0847662764954522,1.6605364062478387,1e-05,101.0451906856765,4.406286721400886,1.2147879111881348
180.0,0.7046873166721078,0.30013681295986466,1.0841005299141533,1.6594122737267576,1e-05,101.34149117937206,4.40851876338134,1.2199320165592724
181.0,0.7068001337941663,0.3010599329141091,1.0833632767322448,1.6581591545173253,1e-05,101.64234043499143,4.409814387390656,1.2249010938735891
182.0,0.708968348924894,0.30200759136375316,1.082558252020113,1.656783592252379,1e-05,101.94701364386665,4.4101883158310935,1.2296855903498582
183.0,0.7111867133680426,0.3029774805490473,1.0816894423514445,1.6552925932168212,1e-05,102.25479952327679,4.409660560795015,1.2342775221508226
184.0,0.7134500234479231,0.3039673107565936,1.0807610559103353,1.6536935721753832,1e-05,102.56500242273358,4.4082562260552764,1.2386705032843395
185.0,0.7157531362505002,0.3049748173661591,1.0797774924048906,1.6519942976639457,1e-05,102.87694423353881,4.406005277742134,1.2428597617540011
186.0,0.7180909842812028,0.3059977674265017,1.0787433129239317,1.6502028373028526,1e-05,103.18996609930997,4.402942286483123,1.246842142870408
187.0,0.7204585889982118,0.3070339657405069,1.0776632101859756,1.6483275036089986,1e-05,103.50342992616561,4.399106143563423,1.2506160996582893
188.0,0.722851073195389,0.3080812604468446,1.0765419792571833,1.646376800721525,1e-05,103.81671969425409,4.394539753687766,1.254181670435405
189.0,0.7252636722163551,0.30913754808853844,1.0753844889986905,1.6443593724665557,1e-05,104.12924257328736,4.389289707603617,1.2575404439307436
190.0,0.7276917439901766,0.31020077816337266,1.0741956545002265,1.6422839520045784,1e-05,104.4404298464223,4.383405936591016,1.2606955120823657
191.0,0.7301307778968424,0.31126895715825775,1.0729804103513052,1.640159313448531,1e-05,104.74973764934322,4.376941352838531,1.263651411358476
192.0,0.7325764024633494,0.3123401520668936,1.071743685357173,1.6379942257243918,1e-05,105.05664753023052,4.36995147896424,1.26641405332007
193.0,0.7350243919181096,0.3134124934023646,1.0704903784181263,1.6357974087834395,1e-05,105.36066684043001,4.362494068850465,1.2689906449971957
194.0,0.7374706716279779,0.31448417771426446,1.0692253358212935,1.633577492426837,1e-05,105.661328964536,4.354628723798377,1.271389600253707
195.0,0.7399113224510203,0.3155534696247933,1.0679533300957982,1.6313429777287205,1e-05,105.95819339993778,4.346416505570738,1.2736204427332614
196.0,0.7423425840562539,0.3166187034053264,1.0666790400746953,1.6291022012652825,1e-05,106.25084569789993,4.337919550474636,1.2756937018359962
197.0,0.7447608572437022,0.3176782841075301,1.0654070328444052,1.6268633022621262,1e-05,106.53889727533935,4.3292006877710065,1.2776208029711766
198.0,0.7471627053305442,0.31873068827814127,1.0641417470526995,1.6246341925196488,1e-05,106.82198511098258,4.320323063432845,1.2794139528134865
199.0,0.749544854656367,0.3197744642799316,1.062887477808039,1.622422529256084,1e-05,107.09977133684768,4.3113497731505275,1.2810860211465231
200.0,0.7519041942677618,0.32080823224570437,1.0616483632309068,1.6202356906926478,1e-05,107.3719427369063,4.302343505327902,1.282650420024261
201.0,0.7542377748572716,0.3218306836976647,1.0604283722168917,1.6180807544481202,1e-05,107.63821016608297,4.2933661974085435,1.2841209818033763
202.0,0.7565428070082192,0.3228405808545084,1.05923129405948,1.6159644787624385,1e-05,107.89830789897927,4.284478708240503,1.2855118373990349
203.0,0.7588166588278333,0.32383675566310194,1.058060729314081,1.6138932862650859,1e-05,108.15199292183459,4.275740506128993,1.2868372953020115
204.0,0.761056853032667,0.3248181085823449,1.05692008210464,1.611873250351464,1e-05,108.39904417769607,4.267209375652763,1.2881117228648857
205.0,0.7632610635548354,0.3257836071498865,1.0558125538664918,1.6099100839287446,1e-05,108.63926177526471,4.258941143079512,1.2893494304232143
206.0,0.7654271117465192,0.32673228436546314,1.0547411381160348,1.6080091305067445,1e-05,108.87246617240912,4.250989422384879,1.2905645594680262
207.0,0.7675529622366295,0.3276632369143909,1.0537086167620555,1.6061753576027522,1e-05,109.09849734166932,4.243405383560347,1.2917709759306912
208.0,0.769636718516952,0.32857562326603673,1.052717557394649,1.6044133521369908,1e-05,109.31721392814744,4.236237541768681,1.2929821687444278
209.0,0.7716766183156093,0.32946866167237104,1.051770311700082,1.602727317828952,1e-05,109.52849240674189,4.229531569174109,1.2942111547446613
210.0,0.7736710288170099,0.330341628093183,1.0508690149502453,1.6011210743631905,1e-05,109.7322262457962,4.223330128553345,1.295470390137289
211.0,0.7756184417898978,0.3311938540750272,1.0500155862632836,1.5995980582503384,1e-05,109.92832508410137,4.21767272932373,1.2967716891933028
212.0,0.7775174686660026,0.3320247246026127,1.0492117299528805,1.5981613253162437,1e-05,110.11671392532998,4.212595606454023,1.2981261507038382
213.0,0.7793668356247581,0.3328336759478073,1.048458937552597,1.5968135545388034,1e-05,110.29733235571426,4.208131620338431,1.2995440920057921
214.0,0.7811653787230332,0.3336201935333036,1.0477584905955166,1.5955570531992944,1e-05,110.4701337880922,4.2043101781382815,1.3010349910403425
215.0,0.7829120391074706,0.33438380982797833,1.047111464073369,1.5943937631633456,1e-05,110.63508473530666,4.201157175315281,1.3026074363348084
216.0,0.7846058583441111,0.3351241022893534,1.0465187304080124,1.5933252682023924,1e-05,110.79216411535816,4.19869495697161,1.304269085024046
217.0,0.7862459738881361,0.3358406913634505,1.0459809640430249,1.59235280225763,1e-05,110.94136258907896,4.196942298338731,1.3060266288843436
218.0,0.7878316147192955,0.336533238553847,1.0454986464317884,1.5914772584599437,1e-05,111.08268193151733,4.195914402691517,1.3078857680039215
219.0,0.7893620971578091,0.33720144456661477,1.0450720714343318,1.5906991988391674,1e-05,111.21613443667769,4.195622916115439,1.3098511920046918
220.0,0.7908368208727816,0.3378450475368239,1.0447013510428247,1.5900188646013822,1e-05,111.34174235502171,4.196075957855043,1.3119265684855026
221.0,0.7922552650893093,0.3384638213395788,1.0443864213975187,1.5894361868985896,1e-05,111.45953736238387,4.197278165364424,1.3141145384355002
222.0,0.7936169849967423,0.3390575739871054,1.04412704902759,1.5889507979720325,1e-05,111.56956005862881,4.199230752616883,1.3164167181607187
223.0,0.7949216083558182,0.33962614611116665,1.0439228372728768,1.5885620425959268,1e-05,111.67185949381648,4.201931580646874,1.3188337073624614
224.0,0.7961688322985333,0.34016940952845176,1.0437732328465061,1.5882689897381703,1e-05,111.76649271932685,4.205375239113968,1.3213651029208902
225.0,0.797358420312071,0.3406872658853734,1.0436775324721437,1.5880704443816422,1e-05,111.85352436120981,4.209553137922503,1.3240095179888107
226.0,0.7984901993919522,0.34117964537599,1.043634889653292,1.5879649594636398,1e-05,111.93302621238419,4.214453608019586,1.3267646060023983
227.0,0.7995640573531877,0.3416465055286218,1.0436443214037763,1.5879508478118032,1e-05,112.00507684109265,4.220062009600328,1.329627088931433
228.0,0.800579940279771,0.34208783005250337,1.0437047150288818,1.5880261941067042,1e-05,112.06976121194158,4.226360847573307,1.3325927895665797
229.0,0.801537850095507,0.3425036277373839,1.0438148348893812,1.5881888667908755,1e-05,112.12717031657627,4.233329892906642,1.3356566672571684
230.0,0.8024378422379468,0.3428939313981534,1.0439733291082913,1.5884365299217749,1e-05,112.17740081101365,4.240946309323017,1.338812856766223
231.0,0.8032800234129456,0.3432587968547394,1.0441787363265573,1.5887666549661617,1e-05,112.22055465631162,4.249184784782652,1.3420547098876414
232.0,0.8040645494158795,0.3435983019415852,1.0444294923079591,1.5891765324307594,1e-05,112.25673876071266,4.258017666080356,1.3453748391398337
233.0,0.8047916229970421,0.34391254553657735,1.0447239365508183,1.5896632834290558,1e-05,112.2860646202691,4.267415097134882,1.3487651635296838
234.0,0.8054614917559252,0.34420164660299146,1.0450603188353949,1.5902238711229766,1e-05,112.30864795629131,4.277345159780779,1.352216955849176
235.0,0.8060744460494864,0.34446574323787477,1.0454368056960857,1.5908551120693013,1e-05,112.32460834810124,4.287774016900451,1.3557208912865188
236.0,0.8066308168980734,0.34470499171965846,1.045851486924058,1.5915536875002192,1e-05,112.334068859543,4.298666057726866,1.35926709713405
237.0,0.8071309738827529,0.34491956555256054,1.0463023819367392,1.5923161544621403,1e-05,112.33715565932451,4.309984044020137,1.3628452030490599
238.0,0.8075753230216789,0.34510965450194936,1.046787446171424,1.5931389569343304,1e-05,112.33399763436307,4.321689258021244,1.3664443919994305
239.0,0.8079643046217174,0.3452754636191689,1.04730457744612,1.5940184368905521,1e-05,112.32472599674355,4.333741651357318,1.370053451514934
240.0,0.8082983911030904,0.3454172122547183,1.047851622299565,1.5949508453380503,1e-05,112.30947388510917,4.346099994893019,1.3736608251286373
241.0,0.8085780847957338,0.34553513305906036,1.048426382373949,1.5959323533755823,1e-05,112.28837596147025,4.3587220296227045,1.377254663933913
242.0,0.8088039157142849,0.3456294709742446,1.0490266207535108,1.5969590632257562,1e-05,112.26156800568315,4.371564617779293,1.3808228779241092
243.0,0.8089764393157394,0.34570048221773647,1.0496500683594532,1.59802701933492,1e-05,112.22918650930701,4.384583894892211,1.3843531872657253
244.0,0.8090962342507507,0.34574843326329624,1.0502944303662693,1.5991322195240651,1e-05,112.19136827159669,4.397735422340244,1.3878331733140428
245.0,0.8091639001209974,0.34577359982426487,1.0509573926619034,1.6002706262014827,1e-05,112.14825000052134,4.410974340277025,1.3912503292920362
246.0,0.8091800552571619,0.3457762658454619,1.051636628346874,1.6014381776689022,1e-05,112.09996792188963,4.424255521073196,1.3945921106517898
247.0,0.8091453345358061,0.34575672251172357,1.052329804276208,1.602630799498519,1e-05,112.04665740020233,4.437533722844337,1.397845984976903
248.0,0.8090603872534234,0.3457152672809286,1.0530345876529745,1.6038444160097634,1e-05,111.98845257466098,4.450763743234818,1.4009994814775
249.0,0.808925875078919,0.34565220295077037,1.0537486526613007,1.6050749618383051,1e-05,111.92548601410905,4.463900573253118,1.4040402400297984
250.0,0.8087424701061015,0.3455678367687728,1.054469687157951,1.6063183935666612,1e-05,111.8578883946281,4.476899550716357,1.4069560596462118
251.0,0.8085108530296907,0.3454624795957514,1.0551953993441208,1.607570701421227,1e-05,111.78578820358938,4.489716513294671,1.4097349464088686
252.0,0.8082317114665051,0.34533644513218686,1.055923524501923,1.6088279210233136,1e-05,111.70931147364642,4.502307950963119,1.4123651608445318
253.0,0.8079057384455238,0.3451900492179864,1.0566518317067115,1.610086145144685,1e-05,111.62858155027212,4.514631157284052,1.4148352646124551
254.0,0.8075336310886003,0.34502360921513625,1.0573781305221641,1.6113415354602088,1e-05,111.54371889600328,4.52664437943021,1.417134166525783
255.0,0.8071160895024507,0.3448374434824813,1.0581002776847537,1.6125903342229304,1e-05,111.45484093432856,4.538306966116063,1.419251167702959
256.0,0.8066538159033616,0.3446318709520555,1.0588161836420193,1.6138288758364019,1e-05,111.36206193606279,4.549579513190927,1.4211760058314644
257.0,0.8061475139894145,0.34440721081343556,1.0595238190835443,1.6150535983120222,1e-05,111.26549295004709,4.560424006774961,1.4228988985521578
258.0,0.8055978885780777,0.34416378231430445,1.060221221299972,1.6162610544971876,1e-05,111.16524178035553,4.570803962711423,1.4244105856442506
259.0,0.8050056455210747,0.3439019046824445,1.0609065003913842,1.61744792306365,1e-05,111.06141301116604,4.580684562260283,1.4257023700312004
260.0,0.804371491906144,0.34362189717372266,1.061577845317047,1.6186110191521064,1e-05,110.95410808013327,4.59003278291553,1.4267661573036887
261.0,0.8036961365548471,0.34332407925021713,1.0622335296272483,1.6197473046294226,1e-05,110.84342540088996,4.59881752392343,1.4275944936720848
262.0,0.80298029081646,0.34300877088855247,1.0628719170352274,1.620853897942017,1e-05,110.72946053397337,4.607009726344704,1.4281806023173966
263.0,0.8022246696611403,0.34267629302038183,1.0634914666320199,1.6219280834221483,1e-05,110.6123064059581,4.614582486119092,1.4285184176957089
264.0,0.8014299930677665,0.34232696810303426,1.0640907377749762,1.6229673200364219,1e-05,110.49205357531311,4.621511160045159,1.4286026177788083
265.0,0.8005969876992853,0.34196112081762914,1.0646683946313702,1.6239692494699713,1e-05,110.36879054323853,4.627773463515465,1.428428653877217
266.0,0.7997263888570396,0.34157907889109035,1.0652232102361396,1.6249317035051918,1e-05,110.24260410748616,4.6333495595835394,1.427992777916748
267.0,0.7988189426969547,0.3411811740347062,1.0657540702025254,1.625852710673725,1e-05,110.11357975595797,4.638222139119109,1.4272920670712617
268.0,0.7978754086930364,0.3407677429933757,1.066259975908812,1.6267305020558585,1e-05,109.98180209737825,4.642376490670883,1.4263244453174273
269.0,0.7968965623264762,0.340339128696132,1.0667400471952615,1.6275635162211952,1e-05,109.84735532522657,4.645800559958174,1.4250887018560225
270.0,0.7958831979769188,0.3398956814980467,1.0671935245485833,1.6283504032306522,1e-05,109.71032371102001,4.648484998091317,1.4235845060929317
271.0,0.7948361319905426,0.3394377605025646,1.0676197706914754,1.6290900276822302,1e-05,109.57079212279245,4.650423198312492,1.4218124190803614
272.0,0.7937562058945606,0.33896573495115767,1.0680182716592255,1.6297814707734093,1e-05,109.42884656393773,4.651611320919519,1.419773901268859
273.0,0.7926442897287408,0.3384799856677595,1.0683886372573477,1.6304240313146021,1e-05,109.28457472789917,4.652048305626948,1.417471316306491
274.0,0.7915012854604628,0.33798090654343005,1.0687306009286275,1.6310172256928845,1e-05,109.13806656357504,4.651735871320918,1.4149079308245747
275.0,0.7903281304494025,0.33746890604662944,1.069044019008066,1.6315607867548259,1e-05,108.98941484638138,4.650678502835364,1.41208791005646
276.0,0.7891258009257739,0.3369444087433481,1.0693288693709897,1.6320546616263212,1e-05,108.83871574969234,4.64888342491367,1.409016309297274
277.0,0.7878953154466214,0.33640785681180213,1.0695852494668519,1.6324990084328672,1e-05,108.68606941147111,4.646360562934641,1.4056990610415327
278.0,0.7866377382929864,0.33585971153544275,1.0698133737411974,1.6328941919424236,1e-05,108.5315804908175,4.643122490627093,1.4021429578363305
279.0,0.7853541827712822,0.3353004547583507,1.0700135704565648,1.6332407781301053,1e-05,108.37535870923232,4.639184364759191,1.398355630821156
280.0,0.7840458143830984,0.3347305902873577,1.070186277894007,1.6335395276918252,1e-05,108.21751937157933,4.634563847108658,1.3943455240303766
