time,S_su,S_aa,S_fa,S_va,S_bu,S_pro,S_ac,S_h2,S_ch4,S_IC,S_IN,S_I,X_c,X_ch,X_pr,X_li,X_su,X_aa,X_fa,X_c4,X_pro,X_ac,X_h2,X_I,S_cation,S_anion,pH,S_va_ion,S_bu_ion,S_pro_ion,S_ac_ion,S_hco3_ion,S_nh3,S_gas_h2,S_gas_ch4,S_gas_co2,S_co2,S_nh4_ion,q_gas,q_ch4,p_ch4,p_co2,VS,VSR
1.0,,,,0.018435860143634283,0.02225441863851467,0.010106269651337405,0.06008526659402463,,,,0.11107303316691781,,,,,,,,,,,,,,,,,,,,,,,,,,,,2044.374783946943,969.8347065493307,0.5869655266366411,0.40648551590750526,,
2.0,,,,0.015611954458084349,0.017991191550826343,0.009959782822567624,0.06655295088673567,,,,0.13008732015232619,,,,,,,,,,,,,,,,,,,,,,,,,,,,2041.778901310283,1051.6597762259532,0.6779118977260165,0.4186799754875688,,
3.0,,,,0.015532207363840221,0.0179190213113086,0.008566697865492499,0.07385202147936455,,,,0.10467621919829793,,,,,,,,,,,,,,,,,,,,,,,,,,,,2105.0982875481773,1055.5519619260606,0.5820755208868169,0.3980759084292997,,
4.0,,,,0.01575041973258269,0.017415570980842603,0.010282606750637965,0.07131701402824404,,,,0.12807479911431144,,,,,,,,,,,,,,,,,,,,,,,,,,,,1650.453271404396,1249.1711526136207,0.6139028051015729,0.36096044716360076,,
5.0,,,,0.015899433707113362,0.021550984644166812,0.009290122337619914,0.07426717252492085,,,,0.11784040498767437,,,,,,,,,,,,,,,,,,,,,,,,,,,,2048.219950985993,1078.5331005464511,0.6119885781364574,0.355486626852398,,
6.0,,,,0.01569474042896878,0.021629122768871856,0.009603355945956961,0.07279317293810926,,,,0.10769196452808616,,,,,,,,,,,,,,,,,,,,,,,,,,,,2073.381650106123,1299.4083253543663,0.6378128674010163,0.41503943310975,,
7.0,,,,0.014796615553379269,0.01880806830243797,0.008501858341491059,0.07554598603626905,,,,0.13540311816643996,,,,,,,,,,,,,,,,,,,,,,,,,,,,1687.8354667013946,1296.1927194180123,0.7041399877308384,0.38189536891662257,,
8.0,,,,0.01830468025008345,0.01805695361380966,0.010219449948819738,0.0763852572626139,,,,0.1051147437806605,,,,,,,,,,,,,,,,,,,,,,,,,,,,1981.432922966792,1302.3358231110367,0.5407534712710718,0.3497318174652073,,
9.0,,,,0.016830535963051552,0.01841005488226701,0.008926364072815742,0.05848293500026285,,,,0.13328223147777007,,,,,,,,,,,,,,,,,,,,,,,,,,,,1821.4800148183788,1000.7949894150315,0.6849449310660957,0.42055478460815493,,
10.0,,,,0.019159768221396787,0.017533337701760025,0.008351477883228656,0.06998148379401893,,,,0.12825790401122317,,,,,,,,,,,,,,,,,,,,,,,,,,,,1778.088466678683,1320.3958777703745,0.5418294371310072,0.41995087813859344,,
11.0,,,,0.019122025584360595,0.02152933915588342,0.008569283998415365,0.06177484797858859,,,,0.11431580478623916,,,,,,,,,,,,,,,,,,,,,,,,,,,,1820.9172862485584,1155.450684765338,0.5913844107549281,0.4112424977576412,,
12.0,,,,0.01865045346764381,0.021681877062440357,0.009870892761475595,0.06678368150622886,,,,0.12403435460200207,,,,,,,,,,,,,,,,,,,,,,,,,,,,1716.5681946007182,1034.7527319615285,0.6263375392586205,0.35005366535575544,,
13.0,,,,0.01596520327046881,0.019000416107026605,0.008784248477997837,0.0730138351408512,,,,0.10340286651659479,,,,,,,,,,,,,,,,,,,,,,,,,,,,2171.697919904315,1008.3863553481557,0.5618721683882963,0.36648040022132455,,
14.0,,,,0.014689357689117844,0.019105223643581873,0.010476043000414815,0.06812273735987207,,,,0.12303243394551082,,,,,,,,,,,,,,,,,,,,,,,,,,,,2218.6063852013945,1223.9962713324787,0.6615723023697149,0.39474044597989266,,
15.0,,,,0.016533797171687858,0.020343395562650888,0.008210174387341382,0.0604008602629783,,,,0.1114853514360813,,,,,,,,,,,,,,,,,,,,,,,,,,,,2026.7255208050783,1113.9883498039724,0.5744043080011364,0.40106481371235675,,
16.0,,,,0.018769983819016987,0.01898471493656137,0.009487687465112311,0.0685664882557838,,,,0.12461385969365646,,,,,,,,,,,,,,,,,,,,,,,,,,,,2187.4495449247115,1043.6675874683704,0.7087555755740585,0.38363983100764837,,
17.0,,,,0.018995953557952576,0.020369758651753327,0.009010115599282572,0.08009439969341968,,,,0.10417667886744109,,,,,,,,,,,,,,,,,,,,,,,,,,,,2044.8637258266965,1141.7344044886286,0.6217388609898544,0.3249706326371264,,
18.0,,,,0.018754206053564815,0.018312938009827803,0.010083212161995028,0.07512341458309789,,,,0.12287971668288077,,,,,,,,,,,,,,,,,,,,,,,,,,,,1958.3253023315053,1040.1920391356766,0.6084260891442235,0.33492122035551103,,
19.0,,,,0.01934401961979124,0.021111289760652272,0.010454039573077589,0.0684462569118532,,,,0.11825546008949875,,,,,,,,,,,,,,,,,,,,,,,,,,,,1719.8539667148084,1101.343154949254,0.5427635769159777,0.3226340319220245,,
20.0,,,,0.018056815481636346,0.019933492210333758,0.00983721454279836,0.0663624984347748,,,,0.1246252706676116,,,,,,,,,,,,,,,,,,,,,,,,,,,,1786.2792853516937,1307.409558946545,0.7124525837042014,0.3398274727904513,,
21.0,,,,0.019362226348545793,0.020370012262216165,0.009443157692187336,0.06968233837597404,,,,0.12079196703341885,,,,,,,,,,,,,,,,,,,,,,,,,,,,1794.7752059362342,1316.041731719286,0.6624162472432642,0.42939275159526313,,
22.0,,,,0.01949783829719036,0.018510455693854955,0.00861194246569174,0.0752598211848348,,,,0.11377567171439577,,,,,,,,,,,,,,,,,,,,,,,,,,,,1918.7735932413939,1294.7496306563544,0.6773458724958015,0.34435469913134537,,
23.0,,,,0.019673424139127454,0.02172345133830362,0.010277324592363923,0.07962008911797312,,,,0.12577609019027408,,,,,,,,,,,,,,,,,,,,,,,,,,,,1842.866598151727,1197.9054765894175,0.5977134226950767,0.3820374404328309,,
24.0,,,,0.02017725416786224,0.020063449509515368,0.009273617933137636,0.07683850818949274,,,,0.12190484524552751,,,,,,,,,,,,,,,,,,,,,,,,,,,,2092.9001687940586,1077.0702956693397,0.7206427181291942,0.3716016640668806,,
25.0,,,,0.017825375630513268,0.018137352979482997,0.010179427713406578,0.08322693680045537,,,,0.12902730099599646,,,,,,,,,,,,,,,,,,,,,,,,,,,,1905.0116329873256,1095.2915654961857,0.59201217823471,0.34013579844492814,,
26.0,,,,0.016941657981747127,0.018010028160800544,0.00997739857677485,0.07825104704355089,,,,0.10780448461211337,,,,,,,,,,,,,,,,,,,,,,,,,,,,1996.970714044916,1281.71917347714,0.6873902620373196,0.3380999976356221,,
27.0,,,,0.01618638677987423,0.02390855488294705,0.00914392957328149,0.08458953377655516,,,,0.10703714762313767,,,,,,,,,,,,,,,,,,,,,,,,,,,,2047.250326343045,1239.551683935425,0.6679199941387868,0.34801242994647313,,
28.0,,,,0.02017679594044629,0.018602003125516457,0.010112298806202005,0.08228590810548102,,,,0.12944833078840332,,,,,,,,,,,,,,,,,,,,,,,,,,,,1992.2317118503584,1121.6192742468604,0.70677122567647,0.3545215012361467,,
29.0,,,,0.01644759552405543,0.01872583596337277,0.009180087242376535,0.07430888902879108,,,,0.1327673916825123,,,,,,,,,,,,,,,,,,,,,,,,,,,,1921.2878150698277,1382.5002567117535,0.7260034406131309,0.3774183289733774,,
30.0,,,,0.01676729803579069,0.01918347916065798,0.008360193432060287,0.07806369927380173,,,,0.10871545447711953,,,,,,,,,,,,,,,,,,,,,,,,,,,,2219.8082837127613,1258.6772960111168,0.5788455635585258,0.42831784413261426,,
31.0,,,,0.01644901448901584,0.018705451147428536,0.00839486097987512,0.07460621066137516,,,,0.11204032428813626,,,,,,,,,,,,,,,,,,,,,,,,,,,,2175.30024541819,1063.9577097905485,0.5488651076993949,0.38077099420264937,,
32.0,,,,0.015283434785259087,0.02043884883745232,0.008980003198442686,0.06406734451772822,,,,0.10922059111535608,,,,,,,,,,,,,,,,,,,,,,,,,,,,2239.1455034011783,1311.987376811685,0.6997571815349608,0.3545064843111027,,
33.0,,,,0.019552639720951677,0.019108474998841468,0.009519922047060975,0.08304934041574935,,,,0.10727571427417563,,,,,,,,,,,,,,,,,,,,,,,,,,,,2354.122645907387,1084.6381257156097,0.6899417392025361,0.39259484750467927,,
34.0,,,,0.01935215789802226,0.020706794735697913,0.010801267277303149,0.07725608699367946,,,,0.12453940622585068,,,,,,,,,,,,,,,,,,,,,,,,,,,,2416.352489783378,1087.107047206793,0.5706156502524733,0.3561906938171335,,
35.0,,,,0.0187331349374032,0.02203905426317785,0.008966837985892403,0.085534167715557,,,,0.1058299607911077,,,,,,,,,,,,,,,,,,,,,,,,,,,,1809.756726179264,1331.0707564226445,0.6854963883119739,0.4047662322412099,,
36.0,,,,0.01873449520902518,0.019353648762010543,0.010478268394446249,0.06864528744157655,,,,0.13603021455960534,,,,,,,,,,,,,,,,,,,,,,,,,,,,2234.304611486344,1373.8123871128628,0.5463936529513632,0.3588931683874785,,
37.0,,,,0.018355078627271045,0.02294234171519734,0.00977944282315018,0.07748112463620709,,,,0.13050515010834746,,,,,,,,,,,,,,,,,,,,,,,,,,,,2271.88342529139,1195.7646835485382,0.5603714619853742,0.3566889201923342,,
38.0,,,,0.017753964099902615,0.019076730771688682,0.009566425797496654,0.07947875909884822,,,,0.11523800968552377,,,,,,,,,,,,,,,,,,,,,,,,,,,,2380.7555043170196,1170.7674003391426,0.638668810203054,0.38705929674396017,,
39.0,,,,0.016274832273546636,0.020152947758578024,0.008483211612975348,0.08356802548236289,,,,0.12109869060286978,,,,,,,,,,,,,,,,,,,,,,,,,,,,2191.6349466765537,1297.3268347931532,0.6074852315979677,0.34247767926530476,,
40.0,,,,0.01806321738499507,0.01985953416905465,0.010304068631566797,0.06968296388751821,,,,0.11626130470176523,,,,,,,,,,,,,,,,,,,,,,,,,,,,2307.5182867176327,1390.5554348702246,0.5506419089538757,0.43296119841453545,,
41.0,,,,0.0181395643824604,0.018679685415432176,0.010801646279178572,0.08475788809676978,,,,0.11001812688417752,,,,,,,,,,,,,,,,,,,,,,,,,,,,1950.9660051320275,1385.535883556759,0.7101994615615974,0.40343971710598564,,
42.0,,,,0.01605693822418576,0.02363061630192594,0.009345784110416835,0.08077127457036587,,,,0.14045842141587705,,,,,,,,,,,,,,,,,,,,,,,,,,,,2315.675715360715,1355.1574586328798,0.6407855790407386,0.42264372504227876,,
43.0,,,,0.015926593705854284,0.020442772105580053,0.009443275035897217,0.0664851098193488,,,,0.12119696847974948,,,,,,,,,,,,,,,,,,,,,,,,,,,,2263.3010477776866,1407.4212182176984,0.5671136444612975,0.4310590515430687,,
44.0,,,,0.01963003203929282,0.023389398946124584,0.008753460590838907,0.06995140181865377,,,,0.13387129497962558,,,,,,,,,,,,,,,,,,,,,,,,,,,,2299.7048745775296,1168.73076832571,0.5956351659132804,0.3542261965842009,,
45.0,,,,0.020514088448996368,0.02069889308312942,0.009065758920874514,0.06990125927442614,,,,0.12251730340240682,,,,,,,,,,,,,,,,,,,,,,,,,,,,2349.4138829449057,1342.9370695753466,0.5529105677631116,0.33717866738314284,,
46.0,,,,0.018793433543522062,0.020725771073709386,0.008884936273871156,0.0735304282874211,,,,0.12426067510102017,,,,,,,,,,,,,,,,,,,,,,,,,,,,2383.3782170744016,1329.2674320771953,0.628215691938075,0.40174822564794516,,
47.0,,,,0.017361761765225595,0.018420581647178216,0.009365857647484288,0.07676090918138291,,,,0.11166846969227841,,,,,,,,,,,,,,,,,,,,,,,,,,,,2088.5897995878463,1320.0329156856894,0.594090805272202,0.340128654461946,,
48.0,,,,0.017846625351147942,0.022984450622894635,0.008785680587164387,0.07366707368693533,,,,0.12996958567787578,,,,,,,,,,,,,,,,,,,,,,,,,,,,2135.4206575153994,1199.1086696266104,0.6279569694138928,0.32179935749109584,,
49.0,,,,0.018561745002436285,0.024172488982064585,0.008738372702950128,0.08250559585935154,,,,0.13312396021977504,,,,,,,,,,,,,,,,,,,,,,,,,,,,2303.444782141315,1146.8483123328451,0.6731850243667911,0.40508964786290674,,
50.0,,,,0.017142598111415604,0.02204688890822038,0.009413383109140513,0.07783840587158258,,,,0.13560881211677153,,,,,,,,,,,,,,,,,,,,,,,,,,,,1858.952585489448,1379.5360218628173,0.6113373576431949,0.4051759621662668,,
51.0,,,,0.016913556883103628,0.020644410734980568,0.010011248911016355,0.07108837908583844,,,,0.11112593036490395,,,,,,,,,,,,,,,,,,,,,,,,,,,,1938.3715248854974,1135.914534256504,0.6872012645709324,0.3849119057984407,,
52.0,,,,0.019531387966038507,0.01820676307889959,0.008972986118723976,0.06952824805616907,,,,0.13004353507462169,,,,,,,,,,,,,,,,,,,,,,,,,,,,2069.0325166722396,1212.6789061094858,0.5752882515148371,0.3541608898722042,,
53.0,,,,0.015957686934804014,0.02354382171559324,0.008524788193511058,0.08850005980079642,,,,0.1308764665591552,,,,,,,,,,,,,,,,,,,,,,,,,,,,2047.6700315172736,1119.3863075053932,0.5635562437365884,0.4018689932883637,,
54.0,,,,0.01588997415006281,0.019404830941897457,0.009574543924321057,0.08105156725411315,,,,0.11341237404610957,,,,,,,,,,,,,,,,,,,,,,,,,,,,2271.6125331829817,1398.567637165204,0.5425225046433937,0.3669775176776591,,
55.0,,,,0.01970462794200892,0.01926829561660624,0.009079625780557841,0.0814750701022488,,,,0.11882188148084455,,,,,,,,,,,,,,,,,,,,,,,,,,,,2469.6718321915864,1120.3566254856464,0.5903442146980338,0.362687602763284,,
56.0,,,,0.01665847643312271,0.023179580622538595,0.008408973658499273,0.06952694578112216,,,,0.10856121689424889,,,,,,,,,,,,,,,,,,,,,,,,,,,,2134.70121069031,1388.7745742056447,0.5845199247256428,0.3614556725437091,,
57.0,,,,0.016751100470129662,0.018582647048497228,0.00899469130047287,0.08645209088020267,,,,0.10904213656778204,,,,,,,,,,,,,,,,,,,,,,,,,,,,1973.4706329191265,1323.580374433356,0.6154625922206529,0.41875638134420823,,
58.0,,,,0.01707568120652566,0.022353315405240493,0.010596285291362497,0.08007262774122187,,,,0.11944179015727552,,,,,,,,,,,,,,,,,,,,,,,,,,,,2002.9807028340385,1278.2420618598546,0.6454464405068281,0.3775308096815011,,
59.0,,,,0.015770938340865834,0.020309678793659136,0.008354768590333551,0.0694076988111764,,,,0.1273942117163389,,,,,,,,,,,,,,,,,,,,,,,,,,,,2387.9903902096644,1289.0354606851467,0.6025906900081509,0.3911373364898246,,
60.0,,,,0.015486707469557005,0.017673026948147888,0.008272015038762173,0.07455255319375904,,,,0.14386578614399861,,,,,,,,,,,,,,,,,,,,,,,,,,,,2088.0531158818976,1439.0985392151993,0.6525778528385492,0.34601223805421705,,
61.0,,,,0.016060580119560186,0.02243634295112228,0.01082641684151191,0.08582425808575823,,,,0.1195114686315481,,,,,,,,,,,,,,,,,,,,,,,,,,,,2286.1385892528765,1442.0813444132082,0.6191955745269271,0.3849377779592182,,
62.0,,,,0.019087006987820704,0.019845212028634908,0.010605821344518743,0.08383103321699341,,,,0.12302785543682344,,,,,,,,,,,,,,,,,,,,,,,,,,,,2361.307753897452,1186.9172061076902,0.6536347498946625,0.41251935885760066,,
63.0,,,,0.016228754689885203,0.017705578508862327,0.010610607329228378,0.08187945037141049,,,,0.11227935493209144,,,,,,,,,,,,,,,,,,,,,,,,,,,,1851.2188145935306,1226.5223068224993,0.6208596009528146,0.36905215484236203,,
64.0,,,,0.014629404818141956,0.019828596725885824,0.010119157150888637,0.08335523323957822,,,,0.1408333546765934,,,,,,,,,,,,,,,,,,,,,,,,,,,,2360.180558358789,1222.9640489323601,0.6738661458966051,0.39038737661564415,,
65.0,,,,0.01592392916280164,0.017867582181228418,0.010588934926135657,0.07751668333487625,,,,0.14257949293157143,,,,,,,,,,,,,,,,,,,,,,,,,,,,1862.4154288219552,1218.1163769505793,0.6845818084256114,0.38613242034491313,,
66.0,,,,0.015743074816206674,0.0216117314697672,0.008990499820457316,0.06596012934439004,,,,0.12316478553514013,,,,,,,,,,,,,,,,,,,,,,,,,,,,2168.5287156785716,1312.7034945269354,0.6823836630217441,0.3868096112775771,,
67.0,,,,0.015144808631136916,0.02304632065282525,0.009082521536556564,0.0687778932187515,,,,0.12713400736139027,,,,,,,,,,,,,,,,,,,,,,,,,,,,1863.4940502625007,1107.4674420186343,0.6078402599477758,0.37947384383648036,,
68.0,,,,0.018665686916739185,0.0219745088099095,0.008601725145539234,0.08108553927141397,,,,0.14537533443767126,,,,,,,,,,,,,,,,,,,,,,,,,,,,2306.6047662895376,1418.7539830494466,0.7085463784424423,0.3360196833296601,,
69.0,,,,0.01857292255729051,0.02044058910157341,0.00901004033523985,0.0749440483883482,,,,0.12465866467057646,,,,,,,,,,,,,,,,,,,,,,,,,,,,2157.0919231503103,1118.9979896380614,0.574374765816327,0.379981676615414,,
70.0,,,,0.0176300263455858,0.021673311083731273,0.009980785829023084,0.0778703599828443,,,,0.11946339507602922,,,,,,,,,,,,,,,,,,,,,,,,,,,,2115.880290698914,1149.5464954520644,0.6837961226785023,0.32497313461681304,,
71.0,,,,0.015057714743626695,0.018242474306782965,0.008751286690148073,0.07807111217681013,,,,0.12772253725244193,,,,,,,,,,,,,,,,,,,,,,,,,,,,2230.9207188519026,1158.0246257191989,0.55973511548638,0.38573998811041466,,
72.0,,,,0.014487893775755888,0.02040938997573851,0.009700342087646984,0.07792826429666233,,,,0.12957568962004395,,,,,,,,,,,,,,,,,,,,,,,,,,,,1826.804249785501,1102.2326590873731,0.5998611730154406,0.40040191641238654,,
73.0,,,,0.01600709261093632,0.021355922160644324,0.009029922257002764,0.06692739934374063,,,,0.13044248432619254,,,,,,,,,,,,,,,,,,,,,,,,,,,,2293.765708957257,1341.9747551919388,0.5396379327389209,0.351265047324989,,
74.0,,,,0.014618064117014294,0.017895080236799206,0.009243878273067257,0.06998766579205241,,,,0.11447326652850795,,,,,,,,,,,,,,,,,,,,,,,,,,,,1901.8157059371051,1249.640472520914,0.5784386584012178,0.42109239701460305,,
75.0,,,,0.01662269364794689,0.01765671827143654,0.010152484517599382,0.062028648187551175,,,,0.11785813567675248,,,,,,,,,,,,,,,,,,,,,,,,,,,,1890.0191542671475,1209.6668275534641,0.6688115494352478,0.4202286284251476,,
76.0,,,,0.01738724292141819,0.018279006980950783,0.007739701314124634,0.0643548603973132,,,,0.12518424359525798,,,,,,,,,,,,,,,,,,,,,,,,,,,,2102.3770630970507,1244.8044714693185,0.5937367016628787,0.36539139675832916,,
77.0,,,,0.014958067490828515,0.018903306276727108,0.009916281065862674,0.06443517985316179,,,,0.1265582211892635,,,,,,,,,,,,,,,,,,,,,,,,,,,,1892.2090375303337,1135.8655041242384,0.6688072154619138,0.3643644364920516,,
78.0,,,,0.016073270640898796,0.020009573427823436,0.00936339133635808,0.0768303590307844,,,,0.12081703487115353,,,,,,,,,,,,,,,,,,,,,,,,,,,,2172.0021434464898,1325.8274231144806,0.6933254465732744,0.3369650978437903,,
79.0,,,,0.014507037163413356,0.021922969482330773,0.009791440507181389,0.06769295794255067,,,,0.14564095318031542,,,,,,,,,,,,,,,,,,,,,,,,,,,,2059.9101114015757,1159.1997019764112,0.6142753065982713,0.3559366322432005,,
80.0,,,,0.016587537876192455,0.019117536223556355,0.00846805869704974,0.07708125747806209,,,,0.1354134529581339,,,,,,,,,,,,,,,,,,,,,,,,,,,,1976.4430917774832,1380.3538477002792,0.6017392375091939,0.38655502100998934,,
81.0,,,,0.01618344577636142,0.016652743539460925,0.009593374410331909,0.07563281246259851,,,,0.10861966578423124,,,,,,,,,,,,,,,,,,,,,,,,,,,,2213.0048706330394,1222.2010026684416,0.694964123153112,0.3343325095077063,,
82.0,,,,0.01530849802841456,0.016981433802204828,0.009753194874350467,0.059138297268928594,,,,0.12541268455642088,,,,,,,,,,,,,,,,,,,,,,,,,,,,1942.6826669161355,1151.9350782165106,0.7160128056209775,0.3336214642378382,,
83.0,,,,0.014476421415479774,0.01785731048742486,0.008774318123811155,0.0656415127926275,,,,0.11904051350272486,,,,,,,,,,,,,,,,,,,,,,,,,,,,1720.8765571259355,1042.0828145395365,0.6866343853523674,0.35984410137876743,,
84.0,,,,0.013345072731386295,0.01958447657208737,0.009003246114034552,0.06224872154459156,,,,0.13760450121235288,,,,,,,,,,,,,,,,,,,,,,,,,,,,2125.4046343300056,1191.893408007396,0.6212318959251448,0.4247107207508802,,
85.0,,,,0.014508798974083512,0.016019786862327794,0.008367268168209109,0.07195380619894766,,,,0.11350172223782566,,,,,,,,,,,,,,,,,,,,,,,,,,,,2218.1948026674327,1348.5025974969892,0.5677856894542089,0.3604402272288259,,
86.0,,,,0.015511839846981,0.01772820694872896,0.008259812116070563,0.07487096089665075,,,,0.1177182263845902,,,,,,,,,,,,,,,,,,,,,,,,,,,,1935.5835712712453,1028.7319101866121,0.5749486700588852,0.4338715975707045,,
87.0,,,,0.01490725903847133,0.016672003429133567,0.0093788370117797,0.06921420760079194,,,,0.1310961784711167,,,,,,,,,,,,,,,,,,,,,,,,,,,,1910.0990443020046,1169.1949771214827,0.7127740248694322,0.410291967355457,,
88.0,,,,0.014501658806229355,0.01673033723854401,0.0074212620900779005,0.061910859837945864,,,,0.12295084981450101,,,,,,,,,,,,,,,,,,,,,,,,,,,,2092.180541804776,1282.8192087407776,0.6727239677774347,0.42601100654006335,,
89.0,,,,0.015823323602623184,0.018759604810802768,0.009018508364218044,0.06250135077030367,,,,0.1427088444132837,,,,,,,,,,,,,,,,,,,,,,,,,,,,1734.2246894945124,1135.9521106748064,0.6642744161572425,0.36510263786679803,,
90.0,,,,0.016043500013576423,0.020409095531634138,0.007552750114241777,0.07403928586143688,,,,0.12047468052377519,,,,,,,,,,,,,,,,,,,,,,,,,,,,2138.726395736243,985.820368187168,0.7196713774098075,0.33383350696103786,,
91.0,,,,0.013173506256966184,0.019713945800013365,0.007682619377146175,0.060464988989758814,,,,0.1071839837202899,,,,,,,,,,,,,,,,,,,,,,,,,,,,1797.936736201474,1034.856950518545,0.5686467099215539,0.34183614834392795,,
92.0,,,,0.01659451633229304,0.020348893640973552,0.007532417866169441,0.07104835783948041,,,,0.12513457853685125,,,,,,,,,,,,,,,,,,,,,,,,,,,,2131.020742050746,1033.4495730673523,0.5746412415011178,0.42509155106438073,,
93.0,,,,0.012988145285312688,0.01545149507255872,0.009553516770329932,0.06375612398735511,,,,0.12513326477951686,,,,,,,,,,,,,,,,,,,,,,,,,,,,1840.6297662970514,1038.8639311065685,0.6890641995915371,0.3837166984011845,,
94.0,,,,0.01273393175989011,0.01899345664605041,0.008396501489378547,0.07075171065247848,,,,0.11723994423501319,,,,,,,,,,,,,,,,,,,,,,,,,,,,1887.5163625918879,1149.7817575751944,0.6924185555447184,0.3550601576581141,,
95.0,,,,0.01581498972078738,0.017888578255145955,0.009288270924106777,0.0661709960217335,,,,0.10568123862983678,,,,,,,,,,,,,,,,,,,,,,,,,,,,1693.9334335911528,1081.688891829337,0.5372716295998222,0.34215861959581395,,
96.0,,,,0.016774778849881534,0.01850155658927227,0.008633817443961548,0.05307704193532918,,,,0.11386086663648413,,,,,,,,,,,,,,,,,,,,,,,,,,,,1970.9720983271327,1006.871662565526,0.7063555227533609,0.3510197401763016,,
97.0,,,,0.015547465263826478,0.020388931333030515,0.0092277563647094,0.05822179155044326,,,,0.11359367957094695,,,,,,,,,,,,,,,,,,,,,,,,,,,,1651.7322447766924,1143.560027880499,0.6632569460184098,0.36720840495021606,,
98.0,,,,0.01421186257412275,0.015633585148184657,0.008795195498364182,0.06382469537741488,,,,0.1341910255843435,,,,,,,,,,,,,,,,,,,,,,,,,,,,1991.419875511813,1229.6493295366952,0.6470087339351525,0.341946992629154,,
99.0,,,,0.01450746262440911,0.01681127338185649,0.008582920640852792,0.06603119885981679,,,,0.12160892882196206,,,,,,,,,,,,,,,,,,,,,,,,,,,,1643.8512181434478,1163.4562055054719,0.5844626398856875,0.41716823136793457,,
100.0,,,,0.015069008514644839,0.01996818207143966,0.007678872576498315,0.06852720219261986,,,,0.11357563355402654,,,,,,,,,,,,,,,,,,,,,,,,,,,,2112.9083406233476,994.0693487496133,0.6455537783277413,0.4308158324186602,,
101.0,,,,0.013880337674003427,0.017285154027794344,0.007035041370221045,0.05934592727650861,,,,0.11885327537410255,,,,,,,,,,,,,,,,,,,,,,,,,,,,1862.584561350188,941.9534608098733,0.6836289696433292,0.3844447769079887,,
102.0,,,,0.012500627419085381,0.019935653786817477,0.009347082839431756,0.051808233972997275,,,,0.1268521992601052,,,,,,,,,,,,,,,,,,,,,,,,,,,,1706.7507484589064,1197.564310278493,0.5452148196782731,0.4145799015332412,,
103.0,,,,0.01427968005160249,0.019856058190986535,0.007549806408226059,0.055914899939040495,,,,0.11409741945644104,,,,,,,,,,,,,,,,,,,,,,,,,,,,1629.6890457051406,1020.1185701051805,0.5494096542288447,0.38085428168801255,,
104.0,,,,0.015574715496711985,0.019526090205691862,0.008534163013634232,0.06692875686728446,,,,0.12699410359679997,,,,,,,,,,,,,,,,,,,,,,,,,,,,1846.5474913028784,1214.4641917615068,0.5335897804710977,0.33784809472289,,
105.0,,,,0.015252999794521594,0.01929988079732965,0.00815419654566523,0.06355945894571177,,,,0.11799260229817608,,,,,,,,,,,,,,,,,,,,,,,,,,,,1715.8884308155662,1208.7186409976903,0.5908645096775451,0.3946763699685886,,
106.0,,,,0.015213891540074482,0.017928359394484877,0.00869010728690845,0.0643612762326344,,,,0.10115851633682754,,,,,,,,,,,,,,,,,,,,,,,,,,,,1570.6297987562361,1020.5930268479893,0.6618808417614384,0.40585793786472235,,
107.0,,,,0.013526825750241112,0.01670467948772259,0.007020832463911723,0.05968269930480864,,,,0.10246846674925807,,,,,,,,,,,,,,,,,,,,,,,,,,,,1581.166281268106,1032.0765995912745,0.5458024713728312,0.4207635818137733,,
108.0,,,,0.014175958793362873,0.018958712744461627,0.008801325210038556,0.056750659542816675,,,,0.12855660596667223,,,,,,,,,,,,,,,,,,,,,,,,,,,,1612.4313505978,1031.402582502716,0.6711527023789168,0.37637081556438795,,
109.0,,,,0.013041029214445585,0.01893227514096888,0.009097537584018125,0.05907203891176485,,,,0.10041151107982381,,,,,,,,,,,,,,,,,,,,,,,,,,,,1900.4711213040512,1186.136009479777,0.6751653446631579,0.3437594921776519,,
110.0,,,,0.015804720089034063,0.015964603805675357,0.009178947876841412,0.06369280344716464,,,,0.10668442767926077,,,,,,,,,,,,,,,,,,,,,,,,,,,,1566.0046429454742,1050.1608861511122,0.5405370589211594,0.34979911594216295,,
111.0,,,,0.015024529125324912,0.015538947293057579,0.009406668668022937,0.05736166699572468,,,,0.1323774592095779,,,,,,,,,,,,,,,,,,,,,,,,,,,,2000.9883212397528,1172.9900947891115,0.577742443328126,0.4142097281466107,,
112.0,,,,0.015895523489490023,0.015863227174811895,0.007517600044486906,0.06448620783133266,,,,0.13207058082897596,,,,,,,,,,,,,,,,,,,,,,,,,,,,1811.237949440721,1066.767176086933,0.5984004229575849,0.3331235781601319,,
113.0,,,,0.01387662737658211,0.015339503160062518,0.008241418490107169,0.05713621063844366,,,,0.10294262330602486,,,,,,,,,,,,,,,,,,,,,,,,,,,,1576.842255817558,1089.665011643332,0.6113120852513606,0.32985206486897467,,
114.0,,,,0.01458565832138706,0.0171449514812917,0.008029066248689036,0.0512266315277432,,,,0.12501122607720605,,,,,,,,,,,,,,,,,,,,,,,,,,,,2037.6834483804353,997.6421898492385,0.5536242309018522,0.4357916346689181,,
115.0,,,,0.015699450752365916,0.02012532820365951,0.00857652752384897,0.04788660926708622,,,,0.12768895937453098,,,,,,,,,,,,,,,,,,,,,,,,,,,,1550.76661532908,896.5331884640594,0.7007240370823842,0.3952644605720148,,
116.0,,,,0.016538028544397974,0.01703182066329168,0.008671630632812783,0.05094380016198689,,,,0.1106202835717255,,,,,,,,,,,,,,,,,,,,,,,,,,,,1959.1425681197352,985.3201385789482,0.6133123976983035,0.3480029317709661,,
117.0,,,,0.014280510093104656,0.01831431344661901,0.008753231296369707,0.06162020221190048,,,,0.12893834184388614,,,,,,,,,,,,,,,,,,,,,,,,,,,,1671.069172706079,1190.4085779720972,0.5852379446517064,0.3824586430862542,,
118.0,,,,0.01578547989392033,0.02073886602747766,0.009464621735688992,0.05989065657192373,,,,0.10759107055760074,,,,,,,,,,,,,,,,,,,,,,,,,,,,1521.8237583882276,1124.8151580534798,0.5447415297543863,0.33235817160720676,,
119.0,,,,0.016604893040739685,0.016341579727621763,0.008543518402228029,0.051889442994158666,,,,0.10947796302684776,,,,,,,,,,,,,,,,,,,,,,,,,,,,1915.1494653257187,1072.985803869132,0.5706053220544329,0.3945034864952921,,
120.0,,,,0.015188269828044934,0.020415386780596206,0.007851130822042243,0.059908282991570805,,,,0.11260937339215436,,,,,,,,,,,,,,,,,,,,,,,,,,,,1643.6028702205952,1060.9037614641761,0.5612841470924689,0.38244136459563766,,
121.0,,,,0.017041820327021128,0.020391419926555094,0.00787676654032222,0.05230028682844643,,,,0.1185820296990146,,,,,,,,,,,,,,,,,,,,,,,,,,,,1724.2576362056245,1130.3436668607494,0.6288161758033263,0.41845330216192644,,
122.0,,,,0.01371231200922449,0.01684000320210761,0.008406819014568039,0.05217400382753258,,,,0.12196495036903303,,,,,,,,,,,,,,,,,,,,,,,,,,,,1512.1378429615424,970.9679140081752,0.6217081761236176,0.32788353453639757,,
123.0,,,,0.014438662409610479,0.019736039868653774,0.007648873808862184,0.05147839071092476,,,,0.10750354120550101,,,,,,,,,,,,,,,,,,,,,,,,,,,,1991.2131449345868,958.6700544504926,0.7102672275098587,0.3378178157266089,,
124.0,,,,0.017479249226809455,0.016472229720545507,0.009323343980509845,0.051586567520666426,,,,0.1127619742733146,,,,,,,,,,,,,,,,,,,,,,,,,,,,1612.9317513131562,899.2038587267677,0.5875364170342597,0.3897244455222543,,
125.0,,,,0.01706005416449836,0.02067767557322665,0.008101695997750962,0.060535865560664,,,,0.11829654070883071,,,,,,,,,,,,,,,,,,,,,,,,,,,,1942.7465050610208,1139.9767729412808,0.7163597118625286,0.3383921908685376,,
126.0,,,,0.014943091942734025,0.018300875163698598,0.008286680303757045,0.04801752672929688,,,,0.11251439357485478,,,,,,,,,,,,,,,,,,,,,,,,,,,,1758.9205477896262,1149.1794063489178,0.5721499991827176,0.35542866159843933,,
127.0,,,,0.014975140776289616,0.02084269338105689,0.008944397047644293,0.06169296407133475,,,,0.09765397407198735,,,,,,,,,,,,,,,,,,,,,,,,,,,,1613.9666696854958,1199.6174112394358,0.5812554348303626,0.40222555994819875,,
128.0,,,,0.015505843339592746,0.016680190406574896,0.008249498857789812,0.057022344893825974,,,,0.10841530382378484,,,,,,,,,,,,,,,,,,,,,,,,,,,,1861.4192726377014,1117.246231074438,0.6123265383159202,0.34796905806693423,,
129.0,,,,0.01648447656924809,0.019402062148543706,0.007967814595828333,0.05490655057734492,,,,0.10756744091464068,,,,,,,,,,,,,,,,,,,,,,,,,,,,1551.4666703804285,1060.6289342166249,0.5659197945501147,0.35807035686823396,,
130.0,,,,0.013969600067808206,0.021431337357877375,0.0093835926040365,0.05167010478857298,,,,0.11688257197597025,,,,,,,,,,,,,,,,,,,,,,,,,,,,1595.7966087625305,982.1735289890003,0.6118836950786414,0.3457028355281576,,
131.0,,,,0.013594128704936863,0.018453293585683626,0.009086723790890787,0.04909502076074274,,,,0.09937377659670514,,,,,,,,,,,,,,,,,,,,,,,,,,,,1777.0356897935665,1058.6369679828433,0.5902517718652361,0.4281198458235646,,
132.0,,,,0.013681747311734743,0.016990349777548378,0.007730384246677598,0.04925673000599457,,,,0.09809327925729273,,,,,,,,,,,,,,,,,,,,,,,,,,,,1807.0494676008361,909.4620269309864,0.6417180298892455,0.33347169968440726,,
133.0,,,,0.01568586728585805,0.019172903496685968,0.009833192922853505,0.051036441331970966,,,,0.09948383180273083,,,,,,,,,,,,,,,,,,,,,,,,,,,,1711.3459992826286,1178.682972221425,0.6035606024828242,0.39156960633717164,,
134.0,,,,0.01584374676091471,0.02134038849843573,0.009258568683529226,0.048941301619864715,,,,0.11768958343097825,,,,,,,,,,,,,,,,,,,,,,,,,,,,1967.721544886649,1171.4790220822886,0.6662864284034217,0.4240817399018986,,
135.0,,,,0.014329011204786374,0.022078341138219895,0.009617220415680094,0.04916819818614222,,,,0.12208375203465531,,,,,,,,,,,,,,,,,,,,,,,,,,,,1717.0160389588737,1057.051959135973,0.6323782508561892,0.3560084096666564,,
136.0,,,,0.01694958436567585,0.02178695186048802,0.009079091343266735,0.058271529776097855,,,,0.11395799739329925,,,,,,,,,,,,,,,,,,,,,,,,,,,,1558.6177827216707,1095.8191089375948,0.6694920991787985,0.3569747477812139,,
137.0,,,,0.014379205958151675,0.016975407474307827,0.008962658068546453,0.06213623378984514,,,,0.12315505375964747,,,,,,,,,,,,,,,,,,,,,,,,,,,,2071.950443927361,1112.6954798126885,0.5977360572370931,0.3299147664741516,,
138.0,,,,0.015802147972397783,0.019438086002728294,0.007780973840779898,0.055509988112791835,,,,0.09752648513243774,,,,,,,,,,,,,,,,,,,,,,,,,,,,1747.845928502552,1178.5171321585024,0.5916762900875668,0.410017633793314,,
139.0,,,,0.015138177335398333,0.022878213620370277,0.007777086721538913,0.0651680644997041,,,,0.11805022072846177,,,,,,,,,,,,,,,,,,,,,,,,,,,,1964.9074223274092,1232.88565571866,0.6834543716032485,0.3785811515269862,,
140.0,,,,0.01772469661576497,0.02161876296228982,0.008147068756133845,0.06628568875684622,,,,0.10412098634320506,,,,,,,,,,,,,,,,,,,,,,,,,,,,1845.0382872864914,1172.1195468369103,0.705266508521069,0.32298449902075105,,
141.0,,,,0.017965762897428416,0.020095722613322913,0.007655924642951137,0.06240251863980604,,,,0.10862794541634462,,,,,,,,,,,,,,,,,,,,,,,,,,,,1853.0390001008352,1121.5357468518307,0.6914397237582576,0.34561097490738485,,
142.0,,,,0.015726418056237153,0.018457152248215872,0.009850840378961275,0.06212711551641968,,,,0.11515872753403021,,,,,,,,,,,,,,,,,,,,,,,,,,,,2025.7443101789931,1230.5254054372951,0.7149318969752745,0.34741412155911766,,
143.0,,,,0.015502071550110309,0.020359947094394638,0.009918962194805423,0.06575294230784999,,,,0.12213150885589509,,,,,,,,,,,,,,,,,,,,,,,,,,,,1636.9186008160045,1085.4433287730496,0.5741347482553634,0.3392875991284134,,
144.0,,,,0.015504683227407999,0.022919616537521063,0.009930196181352163,0.0673459860373513,,,,0.1145092856504194,,,,,,,,,,,,,,,,,,,,,,,,,,,,1666.2202315567763,1058.3740519036455,0.5759651972030706,0.39427458983281227,,
145.0,,,,0.019331892327951843,0.020896896445245037,0.008836227731226278,0.0645580827552085,,,,0.11305754392956509,,,,,,,,,,,,,,,,,,,,,,,,,,,,2161.986073527097,1054.683639602959,0.590936667395256,0.3724620805620901,,
146.0,,,,0.01574879895469732,0.023708560149303576,0.008087491095411794,0.05329171871775688,,,,0.1106872190165329,,,,,,,,,,,,,,,,,,,,,,,,,,,,1804.2988831300484,1022.9318328552168,0.5755769899484384,0.3545741021152386,,
147.0,,,,0.0167895357964815,0.021884413315527068,0.009822307082181441,0.06858899764439466,,,,0.12399815507179814,,,,,,,,,,,,,,,,,,,,,,,,,,,,1883.2602581898484,1085.9983549574833,0.6382896178283702,0.4092151783505901,,
148.0,,,,0.017503899257351005,0.01955924222475788,0.009113232933181978,0.06336730035255503,,,,0.0962253363997336,,,,,,,,,,,,,,,,,,,,,,,,,,,,1773.1711885098764,1280.104368543485,0.5421427341842628,0.32095225648112063,,
149.0,,,,0.015113491441442283,0.01978374085838727,0.008323469340161947,0.06041202743935422,,,,0.12322627495507392,,,,,,,,,,,,,,,,,,,,,,,,,,,,1661.616647806421,1261.5913452623681,0.6933228665746428,0.343799590678944,,
150.0,,,,0.017579012217619837,0.018533599068626904,0.008552440871427638,0.05568339735309577,,,,0.11771588791778748,,,,,,,,,,,,,,,,,,,,,,,,,,,,1679.7890190044877,996.5308756253627,0.6702243950351785,0.3194330778719212,,
151.0,,,,0.0203039803096995,0.01807304155753381,0.008564015145706596,0.06085889695979992,,,,0.12133211204211078,,,,,,,,,,,,,,,,,,,,,,,,,,,,2023.5494659876447,1029.5693767699593,0.7056771050363588,0.38487062060613786,,
152.0,,,,0.01958192682806072,0.019411830217357515,0.009455463654564638,0.055590413924176345,,,,0.10118787921637408,,,,,,,,,,,,,,,,,,,,,,,,,,,,2121.747488830287,1214.887287337561,0.6022482784731575,0.3425070639030932,,
153.0,,,,0.01562730980855541,0.023692296705552094,0.008975490852141698,0.06020133174493896,,,,0.11869042266184343,,,,,,,,,,,,,,,,,,,,,,,,,,,,2039.43495358348,1071.7421638364149,0.6632751473371451,0.3713272517483603,,
154.0,,,,0.01687815235925408,0.020619464049672458,0.00864255553584876,0.05969282513411555,,,,0.09665798682525414,,,,,,,,,,,,,,,,,,,,,,,,,,,,2133.567663230364,1295.2739859195265,0.6282480114378866,0.4172104293747128,,
155.0,,,,0.019222924912976194,0.022411575409949216,0.0081938239271467,0.06947989290657015,,,,0.11326607493187421,,,,,,,,,,,,,,,,,,,,,,,,,,,,2150.8894996910767,1141.839948279005,0.64811771998237,0.3488211606017536,,
156.0,,,,0.016036146709801722,0.019123698395260468,0.010391679225394336,0.0572588153907113,,,,0.10168146273372568,,,,,,,,,,,,,,,,,,,,,,,,,,,,1717.5414481284765,1112.4813425321845,0.66829685327171,0.35382452446449647,,
157.0,,,,0.01553085616387931,0.018861234859389564,0.009779177268144349,0.075960168193277,,,,0.120757830819834,,,,,,,,,,,,,,,,,,,,,,,,,,,,1831.0150507859908,1202.2581413059906,0.5435957135263307,0.40118927589708364,,
158.0,,,,0.020201521223477063,0.021759140894188865,0.00939922274535289,0.07599287711910124,,,,0.10781827351703857,,,,,,,,,,,,,,,,,,,,,,,,,,,,2179.763505812249,1209.6983360109268,0.6065683802973979,0.3593290875832147,,
159.0,,,,0.018671669590421675,0.019106510684758955,0.008904206176996707,0.05898513895515461,,,,0.11713590508815305,,,,,,,,,,,,,,,,,,,,,,,,,,,,1888.1757525997273,1150.2065299435826,0.6532403342570149,0.3814100769254353,,
160.0,,,,0.017527864518052095,0.01849880436218609,0.008526183200714025,0.07778952717272394,,,,0.1259212160541484,,,,,,,,,,,,,,,,,,,,,,,,,,,,1755.8306912892879,1054.0040273629959,0.6952522727245825,0.33900454693630777,,
161.0,,,,0.017096456394514653,0.02275347632679467,0.008739731437685253,0.07062344784939042,,,,0.10624372110636769,,,,,,,,,,,,,,,,,,,,,,,,,,,,1900.0476531376803,1057.8999041567556,0.577785923926022,0.337806217060521,,
162.0,,,,0.016156046731198744,0.01956022093324114,0.009961895021207456,0.07348359546681762,,,,0.10943375415786331,,,,,,,,,,,,,,,,,,,,,,,,,,,,2182.5571851860236,1272.3837638008172,0.6935145702720982,0.3812563391082367,,
163.0,,,,0.01687364961088639,0.020999487699856833,0.009721922281344634,0.06573408279220956,,,,0.09980127160891245,,,,,,,,,,,,,,,,,,,,,,,,,,,,2234.2233813220255,1071.672636984788,0.627758902420308,0.3244723821097763,,
164.0,,,,0.01742215300747351,0.02300548408185784,0.008314241708962986,0.07928380738066283,,,,0.10993716981897102,,,,,,,,,,,,,,,,,,,,,,,,,,,,2036.263606857287,1187.424256358904,0.6926358077626661,0.4160560041122428,,
165.0,,,,0.018296744944364722,0.018664194960405858,0.007925055989091214,0.06788990649546038,,,,0.10552172844941769,,,,,,,,,,,,,,,,,,,,,,,,,,,,1823.1527139077239,1213.8654182814373,0.6584706149278898,0.39648944918585494,,
166.0,,,,0.02028073855066278,0.021430838167297905,0.01003150458843639,0.0758809890339264,,,,0.10105499407286112,,,,,,,,,,,,,,,,,,,,,,,,,,,,2231.2620116850144,1343.7702773379206,0.5830523510546618,0.37651038668952097,,
167.0,,,,0.018718062227090323,0.02344975752438399,0.010020913852559472,0.07366825942580048,,,,0.12183146056103455,,,,,,,,,,,,,,,,,,,,,,,,,,,,1715.5066126427305,1143.7614688504066,0.608444747571623,0.4220392889522127,,
168.0,,,,0.016166242853835413,0.018876189300442256,0.00954317564935058,0.06748020750905734,,,,0.10955465888556876,,,,,,,,,,,,,,,,,,,,,,,,,,,,2087.3927714144525,1140.8137535061173,0.5987452731587406,0.3633224511701179,,
169.0,,,,0.0183472651602112,0.02207505831779096,0.008206717346124662,0.07414043832679634,,,,0.1152771898569931,,,,,,,,,,,,,,,,,,,,,,,,,,,,2045.4436843181445,1175.8542595992521,0.6223831772295018,0.34136517760073837,,
170.0,,,,0.018491741077703787,0.023382750479778336,0.009315895027259588,0.07470307402858409,,,,0.1068286790702929,,,,,,,,,,,,,,,,,,,,,,,,,,,,2091.2219265041263,1242.4755196364163,0.7327380145357426,0.40547369938851263,,
171.0,,,,0.017246058917292955,0.020359425745099028,0.0092334204237197,0.07425965752106865,,,,0.11676794725705436,,,,,,,,,,,,,,,,,,,,,,,,,,,,2004.2850517184186,1329.987417959497,0.5515294386332503,0.42307283238874305,,
172.0,,,,0.01735359211646074,0.021947463577093894,0.009873245286283569,0.08196641863770879,,,,0.11425199577629719,,,,,,,,,,,,,,,,,,,,,,,,,,,,2113.4251438950287,1293.7234513137769,0.6200647449761478,0.33648688704402935,,
173.0,,,,0.015559721063687727,0.01914597658118062,0.008417401847424812,0.07470669244546306,,,,0.11288282654024137,,,,,,,,,,,,,,,,,,,,,,,,,,,,2256.312362282641,1337.1797223849196,0.6229337148215073,0.3424733253142907,,
174.0,,,,0.01792488823182415,0.023906536588259024,0.008970633385645417,0.07976695424815343,,,,0.13705016732881148,,,,,,,,,,,,,,,,,,,,,,,,,,,,2216.022109583655,1350.5986401056775,0.6086083158449886,0.39519733074093344,,
175.0,,,,0.018625364843652868,0.01789285682584736,0.00791305475238187,0.06382529532418212,,,,0.13198769784709533,,,,,,,,,,,,,,,,,,,,,,,,,,,,1803.2831623754291,1252.7549233576137,0.6551795632861032,0.40568083411202227,,
176.0,,,,0.017429906129787946,0.0217445687307962,0.00986345520947454,0.06872816751290296,,,,0.12525047211962712,,,,,,,,,,,,,,,,,,,,,,,,,,,,1760.1522207446035,1165.4963657833978,0.6253402677581051,0.3170299341526618,,
177.0,,,,0.019632330241520765,0.022139921339874347,0.008771349902092392,0.06745076030054904,,,,0.11540247465000655,,,,,,,,,,,,,,,,,,,,,,,,,,,,1895.3077206378935,1317.930289499537,0.6965055976965825,0.34951243239973956,,
178.0,,,,0.015963357642646503,0.023594883226142428,0.009622607609615554,0.06437680652821869,,,,0.11086001261676011,,,,,,,,,,,,,,,,,,,,,,,,,,,,1978.2061737972235,1119.1080490237894,0.6162085626239898,0.32406511717530273,,
179.0,,,,0.015565608373982378,0.018742932858489974,0.007955874460989117,0.06706634728232938,,,,0.11474114353972167,,,,,,,,,,,,,,,,,,,,,,,,,,,,1810.7767493596525,1257.960836873336,0.683380253119672,0.38015215000485586,,
180.0,,,,0.018465642353758964,0.019839600194800123,0.009489735973625743,0.08611216625660126,,,,0.12846216021118845,,,,,,,,,,,,,,,,,,,,,,,,,,,,1845.424572293554,1311.2612246933986,0.5903291247078541,0.34552413436587526,,
181.0,,,,0.016743953402962516,0.02208505899546052,0.008714399531202783,0.07647882483359546,,,,0.1319023353026415,,,,,,,,,,,,,,,,,,,,,,,,,,,,1893.9685911910592,1185.745478475603,0.6122817488427292,0.35970989801855136,,
182.0,,,,0.01736950737712874,0.022679378022330752,0.008691152034430457,0.07412946901551833,,,,0.1313749083655205,,,,,,,,,,,,,,,,,,,,,,,,,,,,1794.7242370067327,1267.4633967594223,0.6515367464964804,0.3906034471726771,,
183.0,,,,0.016017736842403964,0.017842121504631752,0.00814936997739976,0.08575115202448964,,,,0.1344202358892451,,,,,,,,,,,,,,,,,,,,,,,,,,,,1746.720796881839,1039.5286448262475,0.5524444395911042,0.3277842767325254,,
184.0,,,,0.017513896888426996,0.0214309549334749,0.007879131927463253,0.07581501357056729,,,,0.12053944208708617,,,,,,,,,,,,,,,,,,,,,,,,,,,,1907.6822202613178,1218.764811797757,0.7010179859335727,0.369851178436516,,
185.0,,,,0.01714237343439996,0.020030146051740208,0.008216524526012396,0.06849036647964775,,,,0.14034321557982346,,,,,,,,,,,,,,,,,,,,,,,,,,,,1909.2307951934135,1140.858045857422,0.6523506655062766,0.323111148235529,,
186.0,,,,0.015165783808790658,0.018740192701772396,0.008977778059506869,0.07896294622155053,,,,0.13890645299854026,,,,,,,,,,,,,,,,,,,,,,,,,,,,1754.8422842909479,1009.5117689546684,0.653188232680459,0.3573304471375213,,
187.0,,,,0.01937251927223062,0.019336417534055506,0.007925571547053445,0.06382338613961233,,,,0.12435355919758967,,,,,,,,,,,,,,,,,,,,,,,,,,,,1943.9718366209465,1074.7747434724777,0.7370577465792675,0.3312011430069519,,
188.0,,,,0.01820242881656528,0.017018842517102197,0.007629355045557428,0.06915021566647923,,,,0.1250635363044584,,,,,,,,,,,,,,,,,,,,,,,,,,,,1689.9079219120413,1077.4775405099838,0.7054553177931305,0.4154368378601426,,
189.0,,,,0.01687327250749169,0.01812260925482429,0.009354029887169277,0.06687835978325915,,,,0.11368739620591206,,,,,,,,,,,,,,,,,,,,,,,,,,,,1766.0668125392049,1088.7489017403452,0.5678214405354133,0.31100238743203346,,
190.0,,,,0.016213661733919773,0.021314867072868008,0.010135441889874156,0.06400657770650556,,,,0.11174950561324586,,,,,,,,,,,,,,,,,,,,,,,,,,,,1729.8706452143601,1063.1277798983754,0.5560343249009426,0.35387002273018237,,
191.0,,,,0.01828928435581449,0.018264723617591162,0.008348686348033313,0.07623019496570328,,,,0.1105134663115217,,,,,,,,,,,,,,,,,,,,,,,,,,,,1840.1652827959285,1061.618732314824,0.7348411905427921,0.3290212107321348,,
192.0,,,,0.016404253528632264,0.01752026122682504,0.009050871076829264,0.07655560868352511,,,,0.11995322920951665,,,,,,,,,,,,,,,,,,,,,,,,,,,,1960.332094062714,1003.6522051098559,0.5803883671653337,0.3652903758949724,,
193.0,,,,0.018192156056969656,0.022147273576563143,0.008917146102318727,0.0845336144480691,,,,0.13189341429070056,,,,,,,,,,,,,,,,,,,,,,,,,,,,2123.608728598303,1305.6663069683616,0.6598714729029297,0.4090454971997077,,
194.0,,,,0.01644489344373874,0.01990278810312089,0.0074787079487043375,0.0673310183351119,,,,0.13763586804580452,,,,,,,,,,,,,,,,,,,,,,,,,,,,1623.5980570390022,1124.5535156396147,0.6616486793919172,0.4106423639209022,,
195.0,,,,0.018147512295960146,0.020146874843866912,0.009895474947922972,0.07959552481986323,,,,0.11642970611353914,,,,,,,,,,,,,,,,,,,,,,,,,,,,1789.7450679409312,1119.8811256301717,0.6192283000556209,0.3594294620537572,,
196.0,,,,0.01550693368321405,0.01917286823402235,0.009498460432700433,0.070478663009282,,,,0.1372342615435944,,,,,,,,,,,,,,,,,,,,,,,,,,,,2092.2790197786385,1099.967073913362,0.601984873749638,0.3354842383846109,,
